order_id,customer_id,order_date,channel,region,product,quantity,unit_price,revenue,status
100001,1102,2026-05-27,web,northeast,premium,1,79.99,79.99,completed
100002,1435,2026-04-28,phone,south,basic,4,79.99,319.96,completed
100003,1270,2026-05-23,web,south,basic,2,19.99,39.98,completed
100004,1106,2026-05-06,web,west,enterprise,3,29.99,89.97,completed
100005,1071,2026-06-05,phone,midwest,basic,4,19.99,79.96,completed
100006,1700,2026-06-01,phone,south,basic,3,49.99,149.97,completed
100007,1020,2026-03-13,web,northeast,premium,4,79.99,319.96,completed
100008,1614,2026-04-17,web,northeast,premium,2,19.99,39.98,completed
100009,1121,2026-05-17,phone,northeast,premium,3,29.99,89.97,completed
100010,1466,2026-06-24,store,west,basic,3,79.99,239.97,completed
100011,1214,2026-02-02,store,west,enterprise,1,29.99,29.99,completed
100012,1330,2026-01-19,phone,west,premium,4,49.99,199.96,completed
100013,1458,2026-03-15,web,west,premium,4,19.99,79.96,completed
100014,1087,2026-06-17,web,northeast,basic,4,49.99,199.96,completed
100015,1372,2026-06-24,web,northeast,basic,1,79.99,79.99,completed
100016,1099,2026-06-06,web,west,basic,1,19.99,19.99,completed
100017,1663,2026-06-27,phone,west,basic,3,79.99,239.97,completed
100018,1130,2026-04-08,web,northeast,basic,4,19.99,79.96,completed
100019,1661,2026-05-21,web,west,basic,4,29.99,119.96,completed
100020,1308,2026-05-09,store,west,premium,3,79.99,239.97,completed
100021,1769,2026-06-11,web,west,premium,3,49.99,149.97,completed
100022,1343,2026-04-03,web,west,premium,3,49.99,149.97,completed
100023,1491,2026-06-25,web,south,basic,2,29.99,59.98,completed
100024,1413,2026-02-17,phone,west,basic,2,29.99,59.98,completed
100025,1385,2026-06-26,phone,northeast,basic,3,49.99,149.97,completed
100026,1191,2026-03-05,web,northeast,basic,1,29.99,29.99,completed
100027,1276,2026-03-02,web,northeast,basic,1,19.99,19.99,completed
100028,1160,2026-06-06,phone,northeast,basic,4,49.99,199.96,refunded
100029,1459,2026-02-08,store,west,enterprise,2,79.99,159.98,completed
100030,1313,2026-05-08,store,south,premium,2,49.99,99.98,completed
100031,1021,2026-03-29,store,midwest,premium,3,29.99,89.97,completed
100032,1252,2026-01-26,phone,midwest,enterprise,3,19.99,59.97,completed
100033,1747,2026-01-17,web,midwest,premium,3,79.99,239.97,completed
100034,1560,2026-03-12,web,midwest,premium,3,49.99,149.97,completed
100035,1474,2026-01-13,web,northeast,premium,3,49.99,149.97,completed
100036,1058,2026-03-10,phone,west,premium,1,79.99,79.99,completed
100037,1510,2026-01-26,store,west,premium,1,19.99,19.99,completed
100038,1681,2026-02-18,web,midwest,basic,3,29.99,89.97,completed
100039,1475,2026-01-07,web,midwest,premium,1,29.99,29.99,completed
100040,1699,2026-02-27,web,south,enterprise,3,29.99,89.97,completed
100041,1782,2026-02-18,store,south,premium,3,29.99,89.97,refunded
100042,1189,2026-04-13,phone,south,basic,2,79.99,159.98,cancelled
100043,1686,2026-02-22,store,northeast,basic,1,19.99,19.99,completed
100044,1562,2026-03-03,store,west,premium,1,19.99,19.99,completed
100045,1566,2026-01-17,store,northeast,enterprise,2,49.99,99.98,completed
100046,1243,2026-06-20,phone,northeast,basic,1,49.99,49.99,completed
100047,1504,2026-01-25,phone,west,premium,2,19.99,39.98,completed
100048,1130,2026-05-11,web,south,enterprise,4,49.99,199.96,completed
100049,1484,2026-01-29,web,west,basic,1,19.99,19.99,completed
100050,1646,2026-04-27,web,midwest,premium,3,79.99,239.97,cancelled
100051,1020,2026-06-09,web,south,basic,2,79.99,159.98,completed
100052,1166,2026-01-26,store,west,premium,3,29.99,89.97,completed
100053,1273,2026-05-04,web,northeast,premium,3,19.99,59.97,completed
100054,1387,2026-05-24,store,west,premium,1,79.99,79.99,completed
100055,1600,2026-01-25,web,south,premium,2,19.99,39.98,cancelled
100056,1315,2026-02-23,web,midwest,basic,4,49.99,199.96,completed
100057,1013,2026-06-05,store,northeast,enterprise,3,19.99,59.97,completed
100058,1241,2026-03-14,web,midwest,premium,3,29.99,89.97,cancelled
100059,1776,2026-04-30,web,midwest,premium,4,29.99,119.96,completed
100060,1345,2026-02-25,web,northeast,basic,2,79.99,159.98,refunded
100061,1564,2026-03-06,phone,west,basic,1,49.99,49.99,completed
100062,1339,2026-04-03,web,west,basic,3,49.99,149.97,completed
100063,1091,2026-03-27,phone,midwest,enterprise,1,19.99,19.99,completed
100064,1366,2026-03-21,phone,west,basic,2,49.99,99.98,cancelled
100065,1454,2026-06-18,phone,south,enterprise,4,29.99,119.96,completed
100066,1427,2026-04-18,phone,midwest,premium,1,79.99,79.99,completed
100067,1508,2026-06-28,web,midwest,premium,2,79.99,159.98,completed
100068,1775,2026-04-28,web,midwest,premium,1,79.99,79.99,completed
100069,1034,2026-06-06,store,south,premium,1,49.99,49.99,completed
100070,1205,2026-03-24,web,midwest,premium,3,49.99,149.97,completed
100071,1080,2026-05-27,web,west,basic,1,29.99,29.99,completed
100072,1561,2026-06-18,web,west,premium,3,19.99,59.97,completed
100073,1387,2026-06-22,store,west,premium,2,19.99,39.98,cancelled
100074,1001,2026-01-15,web,west,premium,2,79.99,159.98,completed
100075,1389,2026-05-11,web,midwest,premium,3,79.99,239.97,completed
100076,1565,2026-05-19,phone,south,basic,4,49.99,199.96,completed
100077,1105,2026-06-30,phone,northeast,basic,1,79.99,79.99,completed
100078,1771,2026-06-23,web,west,premium,2,29.99,59.98,completed
100079,1476,2026-01-30,web,northeast,basic,2,29.99,59.98,completed
100080,1702,2026-02-26,phone,northeast,premium,4,79.99,319.96,completed
100081,1401,2026-05-26,store,midwest,basic,2,79.99,159.98,completed
100082,1729,2026-06-28,phone,west,basic,3,79.99,239.97,completed
100083,1555,2026-05-08,web,west,basic,4,79.99,319.96,completed
100084,1161,2026-02-17,web,west,premium,2,79.99,159.98,completed
100085,1201,2026-05-16,store,northeast,premium,4,29.99,119.96,completed
100086,1269,2026-01-22,store,west,premium,4,19.99,79.96,completed
100087,1270,2026-01-06,web,west,enterprise,2,29.99,59.98,completed
100088,1455,2026-04-14,web,south,basic,2,29.99,59.98,completed
100089,1461,2026-02-05,phone,midwest,basic,2,79.99,159.98,completed
100090,1726,2026-03-20,web,west,premium,4,19.99,79.96,completed
100091,1251,2026-04-26,web,west,premium,3,79.99,239.97,completed
100092,1701,2026-02-26,web,midwest,basic,3,29.99,89.97,completed
100093,1295,2026-02-18,web,midwest,enterprise,1,19.99,19.99,completed
100094,1724,2026-06-22,web,northeast,enterprise,2,49.99,99.98,cancelled
100095,1719,2026-03-23,phone,northeast,basic,3,79.99,239.97,completed
100096,1748,2026-03-07,web,northeast,basic,1,49.99,49.99,completed
100097,1337,2026-03-18,web,midwest,premium,1,49.99,49.99,completed
100098,1052,2026-02-14,web,south,basic,2,49.99,99.98,completed
100099,1791,2026-03-20,web,west,basic,1,49.99,49.99,completed
100100,1216,2026-01-20,web,midwest,premium,3,19.99,59.97,completed
100101,1763,2026-05-03,web,south,basic,1,79.99,79.99,cancelled
100102,1187,2026-03-08,phone,midwest,basic,1,19.99,19.99,completed
100103,1379,2026-03-24,web,south,basic,3,79.99,239.97,completed
100104,1492,2026-01-03,web,midwest,premium,1,79.99,79.99,completed
100105,1040,2026-03-05,web,midwest,premium,1,79.99,79.99,completed
100106,1156,2026-02-09,web,south,basic,4,19.99,79.96,completed
100107,1014,2026-02-28,store,south,basic,1,29.99,29.99,completed
100108,1064,2026-03-03,web,south,premium,1,49.99,49.99,completed
100109,1520,2026-05-12,store,south,enterprise,4,29.99,119.96,completed
100110,1343,2026-03-01,web,south,enterprise,4,29.99,119.96,completed
100111,1128,2026-04-26,store,south,basic,4,29.99,119.96,completed
100112,1647,2026-03-16,web,south,premium,2,49.99,99.98,completed
100113,1471,2026-05-02,phone,south,premium,2,29.99,59.98,completed
100114,1062,2026-04-17,web,midwest,premium,3,49.99,149.97,completed
100115,1138,2026-04-06,web,south,premium,1,49.99,49.99,completed
100116,1498,2026-04-01,store,south,basic,3,49.99,149.97,completed
100117,1592,2026-06-07,phone,midwest,premium,2,79.99,159.98,completed
100118,1391,2026-05-10,web,midwest,basic,1,79.99,79.99,completed
100119,1674,2026-03-03,web,northeast,basic,1,29.99,29.99,completed
100120,1418,2026-02-18,web,northeast,premium,4,79.99,319.96,completed
100121,1288,2026-05-17,store,south,enterprise,2,49.99,99.98,completed
100122,1378,2026-04-02,web,south,basic,1,79.99,79.99,cancelled
100123,1772,2026-06-08,web,northeast,premium,4,49.99,199.96,cancelled
100124,1489,2026-05-04,phone,northeast,basic,1,19.99,19.99,completed
100125,1230,2026-03-02,store,west,enterprise,2,79.99,159.98,completed
100126,1040,2026-02-17,phone,west,premium,3,29.99,89.97,completed
100127,1027,2026-06-02,phone,south,basic,3,19.99,59.97,completed
100128,1134,2026-06-13,phone,west,basic,1,19.99,19.99,completed
100129,1200,2026-05-16,web,northeast,basic,4,79.99,319.96,completed
100130,1779,2026-02-27,web,south,basic,4,79.99,319.96,completed
100131,1032,2026-04-11,store,midwest,basic,4,29.99,119.96,completed
100132,1047,2026-04-22,web,midwest,premium,2,19.99,39.98,completed
100133,1502,2026-06-22,store,northeast,basic,3,49.99,149.97,refunded
100134,1406,2026-03-03,web,west,premium,3,79.99,239.97,completed
100135,1573,2026-02-08,web,midwest,basic,1,19.99,19.99,completed
100136,1727,2026-02-27,store,west,premium,3,19.99,59.97,completed
100137,1098,2026-04-09,phone,midwest,basic,4,49.99,199.96,completed
100138,1683,2026-02-13,web,west,basic,2,19.99,39.98,completed
100139,1725,2026-01-29,phone,midwest,premium,4,79.99,319.96,completed
100140,1546,2026-02-28,phone,midwest,basic,4,49.99,199.96,completed
100141,1738,2026-03-12,web,south,premium,3,79.99,239.97,completed
100142,1612,2026-04-02,web,south,premium,2,29.99,59.98,completed
100143,1461,2026-01-09,store,northeast,premium,2,19.99,39.98,completed
100144,1642,2026-05-07,store,midwest,basic,4,79.99,319.96,completed
100145,1768,2026-05-14,web,west,basic,1,79.99,79.99,refunded
100146,1004,2026-06-06,store,midwest,basic,3,29.99,89.97,completed
100147,1217,2026-05-25,store,west,premium,1,19.99,19.99,completed
100148,1502,2026-05-24,web,west,basic,4,79.99,319.96,completed
100149,1766,2026-05-11,phone,midwest,basic,3,49.99,149.97,completed
100150,1397,2026-01-21,web,west,basic,1,79.99,79.99,completed
100151,1794,2026-03-05,web,northeast,basic,1,79.99,79.99,completed
100152,1392,2026-03-31,phone,south,basic,1,79.99,79.99,completed
100153,1206,2026-02-05,store,west,basic,3,79.99,239.97,completed
100154,1014,2026-03-03,phone,midwest,basic,1,19.99,19.99,completed
100155,1553,2026-06-19,web,south,basic,2,79.99,159.98,cancelled
100156,1460,2026-03-17,web,northeast,basic,4,29.99,119.96,completed
100157,1690,2026-06-19,web,west,premium,3,79.99,239.97,completed
100158,1574,2026-01-13,web,west,basic,2,49.99,99.98,refunded
100159,1742,2026-01-11,web,south,basic,1,49.99,49.99,completed
100160,1240,2026-02-23,phone,west,basic,4,79.99,319.96,cancelled
100161,1563,2026-01-16,web,midwest,basic,1,79.99,79.99,completed
100162,1095,2026-01-08,phone,south,basic,2,29.99,59.98,completed
100163,1733,2026-04-14,web,south,premium,1,29.99,29.99,completed
100164,1484,2026-02-28,phone,west,enterprise,3,19.99,59.97,completed
100165,1406,2026-02-26,web,northeast,basic,2,19.99,39.98,completed
100166,1230,2026-02-09,web,northeast,premium,3,49.99,149.97,cancelled
100167,1748,2026-05-10,web,northeast,basic,4,79.99,319.96,cancelled
100168,1654,2026-04-04,web,northeast,basic,3,79.99,239.97,completed
100169,1170,2026-05-18,store,south,enterprise,3,29.99,89.97,completed
100170,1540,2026-02-13,web,south,premium,1,29.99,29.99,completed
100171,1035,2026-05-19,phone,west,enterprise,1,19.99,19.99,completed
100172,1524,2026-03-21,store,northeast,basic,2,19.99,39.98,completed
100173,1159,2026-03-22,phone,northeast,basic,4,49.99,199.96,completed
100174,1698,2026-01-02,web,west,premium,2,29.99,59.98,completed
100175,1242,2026-06-27,store,west,premium,4,79.99,319.96,completed
100176,1085,2026-05-20,web,west,basic,4,29.99,119.96,completed
100177,1795,2026-04-25,web,midwest,enterprise,3,29.99,89.97,completed
100178,1577,2026-03-31,store,west,premium,1,29.99,29.99,completed
100179,1681,2026-01-23,phone,west,basic,4,19.99,79.96,cancelled
100180,1556,2026-05-26,web,midwest,premium,1,79.99,79.99,completed
100181,1573,2026-03-03,web,northeast,premium,4,79.99,319.96,completed
100182,1645,2026-04-23,web,south,basic,1,19.99,19.99,completed
100183,1795,2026-05-08,web,northeast,enterprise,2,19.99,39.98,completed
100184,1027,2026-03-03,web,south,basic,1,79.99,79.99,cancelled
100185,1619,2026-02-07,store,south,basic,3,49.99,149.97,completed
100186,1555,2026-06-15,store,west,enterprise,4,29.99,119.96,cancelled
100187,1339,2026-03-02,store,west,enterprise,3,79.99,239.97,completed
100188,1797,2026-05-09,web,midwest,premium,4,19.99,79.96,completed
100189,1330,2026-06-22,phone,northeast,enterprise,3,79.99,239.97,completed
100190,1639,2026-06-05,store,northeast,premium,4,29.99,119.96,completed
100191,1505,2026-05-29,store,south,enterprise,1,79.99,79.99,completed
100192,1347,2026-05-02,web,west,basic,4,19.99,79.96,completed
100193,1472,2026-04-20,web,west,premium,3,49.99,149.97,completed
100194,1230,2026-01-13,web,northeast,premium,3,19.99,59.97,completed
100195,1189,2026-06-04,phone,midwest,basic,4,49.99,199.96,completed
100196,1224,2026-04-10,phone,west,premium,4,29.99,119.96,completed
100197,1384,2026-05-15,store,midwest,premium,2,19.99,39.98,completed
100198,1376,2026-01-22,web,northeast,premium,2,79.99,159.98,completed
100199,1282,2026-03-15,web,northeast,basic,1,19.99,19.99,completed
100200,1632,2026-06-30,web,midwest,premium,1,19.99,19.99,completed
100201,1627,2026-05-12,web,west,basic,1,29.99,29.99,completed
100202,1744,2026-01-23,web,northeast,basic,1,49.99,49.99,completed
100203,1258,2026-04-29,phone,south,enterprise,1,49.99,49.99,completed
100204,1358,2026-03-11,web,northeast,premium,4,79.99,319.96,completed
100205,1709,2026-03-25,phone,west,basic,2,19.99,39.98,completed
100206,1455,2026-04-11,web,south,basic,4,29.99,119.96,refunded
100207,1410,2026-03-25,web,northeast,premium,2,49.99,99.98,cancelled
100208,1648,2026-06-10,web,west,enterprise,2,79.99,159.98,completed
100209,1317,2026-01-28,store,west,enterprise,3,49.99,149.97,completed
100210,1676,2026-05-16,web,northeast,premium,3,79.99,239.97,completed
100211,1224,2026-01-01,store,west,basic,2,49.99,99.98,completed
100212,1233,2026-06-14,web,midwest,basic,4,79.99,319.96,completed
100213,1683,2026-03-04,store,south,basic,2,49.99,99.98,completed
100214,1663,2026-01-22,store,midwest,basic,1,49.99,49.99,cancelled
100215,1373,2026-03-11,web,northeast,basic,4,19.99,79.96,completed
100216,1671,2026-05-05,phone,midwest,basic,4,79.99,319.96,completed
100217,1607,2026-05-29,web,northeast,premium,2,79.99,159.98,completed
100218,1471,2026-04-06,store,northeast,basic,1,19.99,19.99,completed
100219,1232,2026-06-12,web,west,premium,2,19.99,39.98,completed
100220,1691,2026-03-20,web,west,enterprise,1,49.99,49.99,completed
100221,1112,2026-01-05,phone,northeast,premium,4,49.99,199.96,completed
100222,1496,2026-03-01,store,south,premium,2,49.99,99.98,completed
100223,1441,2026-04-30,web,south,premium,1,19.99,19.99,completed
100224,1563,2026-02-15,phone,south,basic,3,49.99,149.97,completed
100225,1267,2026-06-27,web,midwest,basic,4,19.99,79.96,completed
100226,1509,2026-06-25,web,northeast,basic,4,49.99,199.96,completed
100227,1385,2026-05-14,phone,west,basic,3,19.99,59.97,cancelled
100228,1386,2026-02-25,web,midwest,premium,1,79.99,79.99,completed
100229,1112,2026-04-20,web,midwest,enterprise,4,29.99,119.96,completed
100230,1612,2026-06-06,store,west,enterprise,1,49.99,49.99,completed
100231,1624,2026-04-14,web,northeast,basic,3,49.99,149.97,completed
100232,1080,2026-03-18,phone,midwest,enterprise,2,19.99,39.98,completed
100233,1698,2026-05-26,web,northeast,basic,4,79.99,319.96,completed
100234,1112,2026-01-02,web,northeast,premium,4,79.99,319.96,cancelled
100235,1001,2026-01-08,web,northeast,basic,1,49.99,49.99,refunded
100236,1641,2026-03-16,phone,west,basic,4,19.99,79.96,completed
100237,1219,2026-05-05,phone,northeast,basic,2,19.99,39.98,refunded
100238,1565,2026-02-07,web,midwest,enterprise,3,29.99,89.97,cancelled
100239,1735,2026-06-25,web,west,basic,4,79.99,319.96,completed
100240,1224,2026-01-27,store,west,basic,3,29.99,89.97,completed
100241,1384,2026-01-20,web,midwest,enterprise,1,79.99,79.99,completed
100242,1402,2026-05-20,store,west,enterprise,2,49.99,99.98,completed
100243,1637,2026-02-12,web,midwest,basic,4,49.99,199.96,completed
100244,1129,2026-01-31,phone,south,premium,3,19.99,59.97,completed
100245,1052,2026-04-01,web,midwest,basic,2,19.99,39.98,completed
100246,1683,2026-03-02,store,west,basic,3,19.99,59.97,cancelled
100247,1729,2026-04-19,phone,midwest,basic,1,79.99,79.99,completed
100248,1671,2026-04-01,web,south,basic,2,19.99,39.98,completed
100249,1709,2026-06-12,web,northeast,premium,2,49.99,99.98,completed
100250,1415,2026-04-05,phone,northeast,premium,1,29.99,29.99,completed
100251,1246,2026-05-23,phone,northeast,basic,1,49.99,49.99,completed
100252,1438,2026-05-24,web,west,premium,4,49.99,199.96,completed
100253,1202,2026-01-13,web,south,premium,1,49.99,49.99,completed
100254,1183,2026-04-23,store,midwest,basic,1,29.99,29.99,completed
100255,1122,2026-02-04,web,midwest,basic,3,49.99,149.97,completed
100256,1400,2026-05-29,phone,midwest,premium,2,79.99,159.98,completed
100257,1766,2026-06-07,web,midwest,premium,3,79.99,239.97,completed
100258,1293,2026-02-17,store,west,premium,1,29.99,29.99,completed
100259,1279,2026-02-04,store,west,premium,4,79.99,319.96,cancelled
100260,1609,2026-03-27,store,south,basic,3,19.99,59.97,completed
100261,1197,2026-06-15,web,midwest,premium,3,79.99,239.97,completed
100262,1510,2026-06-08,store,northeast,basic,2,49.99,99.98,completed
100263,1751,2026-06-01,web,west,enterprise,2,79.99,159.98,completed
100264,1143,2026-04-24,phone,south,premium,2,19.99,39.98,completed
100265,1608,2026-06-26,web,south,basic,4,19.99,79.96,completed
100266,1200,2026-04-10,web,west,basic,4,19.99,79.96,completed
100267,1123,2026-06-09,store,northeast,premium,1,49.99,49.99,completed
100268,1186,2026-04-09,web,northeast,basic,1,19.99,19.99,completed
100269,1325,2026-01-03,phone,midwest,premium,2,49.99,99.98,completed
100270,1463,2026-03-26,phone,west,premium,3,19.99,59.97,refunded
100271,1348,2026-05-05,phone,northeast,premium,2,49.99,99.98,cancelled
100272,1770,2026-05-18,web,west,basic,1,49.99,49.99,completed
100273,1659,2026-03-24,web,south,premium,3,49.99,149.97,completed
100274,1763,2026-01-25,store,south,enterprise,1,79.99,79.99,completed
100275,1402,2026-03-09,web,south,enterprise,4,19.99,79.96,completed
100276,1345,2026-03-02,web,west,premium,2,49.99,99.98,completed
100277,1510,2026-01-29,web,midwest,enterprise,2,19.99,39.98,completed
100278,1146,2026-05-07,web,midwest,premium,3,79.99,239.97,completed
100279,1147,2026-01-19,store,northeast,basic,2,29.99,59.98,completed
100280,1710,2026-06-20,web,west,premium,1,19.99,19.99,cancelled
100281,1488,2026-03-15,phone,midwest,basic,1,19.99,19.99,cancelled
100282,1639,2026-03-02,web,west,basic,4,79.99,319.96,completed
100283,1550,2026-06-20,web,midwest,basic,1,49.99,49.99,completed
100284,1337,2026-06-02,web,south,premium,3,19.99,59.97,completed
100285,1640,2026-01-20,web,south,premium,1,29.99,29.99,completed
100286,1778,2026-02-17,web,northeast,premium,4,79.99,319.96,cancelled
100287,1472,2026-03-28,phone,south,basic,4,49.99,199.96,completed
100288,1150,2026-06-01,web,midwest,basic,2,19.99,39.98,completed
100289,1414,2026-05-19,web,northeast,basic,3,19.99,59.97,completed
100290,1297,2026-04-20,web,northeast,premium,1,79.99,79.99,completed
100291,1610,2026-01-28,web,south,basic,4,49.99,199.96,completed
100292,1262,2026-02-28,store,west,basic,1,49.99,49.99,completed
100293,1763,2026-05-13,web,south,basic,4,79.99,319.96,completed
100294,1143,2026-02-20,web,south,premium,2,19.99,39.98,completed
100295,1345,2026-05-29,web,northeast,enterprise,4,19.99,79.96,completed
100296,1623,2026-01-12,store,south,premium,2,49.99,99.98,completed
100297,1571,2026-02-19,web,midwest,basic,3,49.99,149.97,completed
100298,1001,2026-05-12,store,northeast,basic,1,29.99,29.99,completed
100299,1303,2026-04-23,web,south,basic,1,29.99,29.99,completed
100300,1253,2026-06-19,store,west,basic,2,29.99,59.98,completed
100301,1651,2026-06-15,store,midwest,basic,3,49.99,149.97,completed
100302,1452,2026-06-02,phone,west,basic,2,49.99,99.98,completed
100303,1036,2026-01-14,web,midwest,basic,4,49.99,199.96,cancelled
100304,1159,2026-02-01,web,west,basic,2,19.99,39.98,completed
100305,1008,2026-05-19,web,south,basic,3,79.99,239.97,completed
100306,1232,2026-05-26,web,midwest,premium,4,49.99,199.96,completed
100307,1098,2026-06-04,web,northeast,enterprise,1,19.99,19.99,completed
100308,1658,2026-02-24,web,northeast,enterprise,1,49.99,49.99,completed
100309,1207,2026-04-30,phone,west,basic,1,79.99,79.99,completed
100310,1130,2026-03-16,web,west,basic,3,49.99,149.97,refunded
100311,1403,2026-01-21,web,west,enterprise,3,19.99,59.97,completed
100312,1151,2026-06-21,web,midwest,basic,3,49.99,149.97,completed
100313,1053,2026-05-13,store,northeast,premium,3,49.99,149.97,completed
100314,1119,2026-03-28,web,south,premium,3,49.99,149.97,completed
100315,1672,2026-06-18,phone,midwest,enterprise,4,29.99,119.96,completed
100316,1627,2026-02-28,web,west,enterprise,2,49.99,99.98,completed
100317,1586,2026-03-30,web,northeast,premium,1,19.99,19.99,completed
100318,1624,2026-05-30,web,west,premium,3,19.99,59.97,completed
100319,1419,2026-03-24,web,south,basic,1,19.99,19.99,completed
100320,1421,2026-03-06,store,south,basic,3,49.99,149.97,completed
100321,1103,2026-03-05,phone,northeast,basic,1,79.99,79.99,completed
100322,1253,2026-03-12,web,midwest,basic,2,19.99,39.98,completed
100323,1226,2026-01-04,store,south,basic,1,29.99,29.99,completed
100324,1111,2026-05-23,web,south,basic,1,79.99,79.99,completed
100325,1509,2026-04-14,store,south,enterprise,3,19.99,59.97,completed
100326,1472,2026-05-30,store,south,basic,4,49.99,199.96,completed
100327,1098,2026-06-24,web,west,basic,4,29.99,119.96,completed
100328,1152,2026-04-03,web,west,basic,1,19.99,19.99,completed
100329,1337,2026-06-23,web,midwest,premium,4,29.99,119.96,completed
100330,1705,2026-05-22,phone,northeast,basic,2,79.99,159.98,completed
100331,1162,2026-06-27,web,northeast,enterprise,2,19.99,39.98,completed
100332,1719,2026-05-28,store,northeast,premium,4,49.99,199.96,completed
100333,1680,2026-06-27,phone,south,premium,4,29.99,119.96,completed
100334,1160,2026-04-22,web,west,basic,2,19.99,39.98,completed
100335,1579,2026-06-10,web,west,basic,4,79.99,319.96,completed
100336,1397,2026-04-29,phone,midwest,premium,4,79.99,319.96,completed
100337,1276,2026-02-28,web,northeast,basic,3,19.99,59.97,completed
100338,1503,2026-02-12,phone,west,basic,3,79.99,239.97,completed
100339,1391,2026-01-12,web,midwest,basic,4,29.99,119.96,completed
100340,1134,2026-02-09,web,northeast,enterprise,4,29.99,119.96,completed
100341,1194,2026-04-28,web,south,basic,3,29.99,89.97,completed
100342,1400,2026-01-20,phone,west,enterprise,3,29.99,89.97,cancelled
100343,1639,2026-06-15,web,west,basic,4,79.99,319.96,completed
100344,1032,2026-05-11,phone,northeast,premium,3,19.99,59.97,completed
100345,1687,2026-06-05,web,south,premium,2,79.99,159.98,completed
100346,1459,2026-03-31,phone,south,basic,1,79.99,79.99,cancelled
100347,1469,2026-04-04,phone,west,basic,2,19.99,39.98,completed
100348,1374,2026-01-13,web,northeast,basic,3,19.99,59.97,completed
100349,1021,2026-03-07,phone,midwest,basic,2,49.99,99.98,completed
100350,1749,2026-02-06,web,west,premium,1,29.99,29.99,completed
100351,1669,2026-06-26,web,south,basic,3,19.99,59.97,completed
100352,1037,2026-03-07,web,midwest,premium,2,79.99,159.98,refunded
100353,1229,2026-02-05,phone,northeast,basic,2,29.99,59.98,completed
100354,1364,2026-01-26,store,south,basic,1,29.99,29.99,completed
100355,1562,2026-03-16,phone,midwest,premium,3,79.99,239.97,completed
100356,1437,2026-04-18,web,west,premium,4,19.99,79.96,completed
100357,1775,2026-06-17,phone,south,basic,3,29.99,89.97,completed
100358,1282,2026-02-12,web,northeast,premium,1,29.99,29.99,completed
100359,1026,2026-05-30,store,south,basic,1,29.99,29.99,completed
100360,1225,2026-05-28,web,west,enterprise,1,29.99,29.99,completed
100361,1276,2026-01-08,store,northeast,basic,1,29.99,29.99,completed
100362,1797,2026-01-29,phone,west,basic,4,79.99,319.96,completed
100363,1608,2026-02-09,phone,midwest,premium,3,19.99,59.97,completed
100364,1283,2026-06-07,phone,south,basic,3,19.99,59.97,completed
100365,1480,2026-05-08,web,west,basic,2,29.99,59.98,completed
100366,1452,2026-03-25,phone,midwest,basic,4,29.99,119.96,completed
100367,1658,2026-04-26,web,northeast,enterprise,4,29.99,119.96,refunded
100368,1515,2026-05-24,phone,northeast,enterprise,2,79.99,159.98,completed
100369,1546,2026-06-23,phone,midwest,premium,2,79.99,159.98,completed
100370,1191,2026-03-03,store,midwest,basic,3,49.99,149.97,completed
100371,1048,2026-01-07,web,northeast,premium,3,29.99,89.97,completed
100372,1511,2026-02-14,web,west,basic,3,49.99,149.97,refunded
100373,1016,2026-06-25,web,midwest,basic,4,49.99,199.96,completed
100374,1171,2026-06-04,phone,west,enterprise,4,49.99,199.96,completed
100375,1219,2026-06-30,web,northeast,basic,2,19.99,39.98,completed
100376,1157,2026-03-29,web,west,basic,1,49.99,49.99,completed
100377,1476,2026-03-14,store,west,enterprise,1,29.99,29.99,completed
100378,1045,2026-06-12,phone,midwest,premium,1,79.99,79.99,completed
100379,1372,2026-06-28,web,west,basic,1,29.99,29.99,completed
100380,1517,2026-02-06,web,west,basic,1,79.99,79.99,completed
100381,1098,2026-04-29,phone,west,premium,3,19.99,59.97,completed
100382,1744,2026-02-26,web,northeast,basic,2,19.99,39.98,completed
100383,1036,2026-01-08,phone,northeast,basic,1,29.99,29.99,completed
100384,1279,2026-04-05,web,south,basic,1,19.99,19.99,completed
100385,1348,2026-04-27,store,northeast,enterprise,1,79.99,79.99,completed
100386,1496,2026-04-20,web,northeast,basic,3,19.99,59.97,completed
100387,1301,2026-01-20,web,south,basic,1,49.99,49.99,completed
100388,1180,2026-05-04,phone,south,basic,2,49.99,99.98,completed
100389,1606,2026-02-22,phone,midwest,basic,3,19.99,59.97,completed
100390,1098,2026-04-29,web,midwest,basic,3,29.99,89.97,completed
100391,1699,2026-01-12,phone,northeast,enterprise,4,49.99,199.96,completed
100392,1115,2026-06-26,web,west,enterprise,4,79.99,319.96,completed
100393,1190,2026-01-17,store,midwest,basic,3,29.99,89.97,completed
100394,1252,2026-03-05,store,midwest,enterprise,1,19.99,19.99,cancelled
100395,1160,2026-02-11,web,northeast,basic,1,29.99,29.99,completed
100396,1255,2026-04-04,store,west,premium,1,29.99,29.99,completed
100397,1322,2026-06-06,web,south,basic,1,29.99,29.99,completed
100398,1127,2026-05-27,web,south,enterprise,4,29.99,119.96,completed
100399,1017,2026-01-11,store,northeast,basic,2,19.99,39.98,completed
100400,1792,2026-04-08,phone,northeast,premium,3,19.99,59.97,cancelled
100401,1734,2026-06-27,web,west,premium,1,49.99,49.99,completed
100402,1565,2026-03-12,web,northeast,basic,4,49.99,199.96,refunded
100403,1569,2026-04-18,web,northeast,basic,2,79.99,159.98,completed
100404,1322,2026-02-27,store,northeast,basic,3,79.99,239.97,completed
100405,1685,2026-02-03,web,west,premium,3,49.99,149.97,completed
100406,1791,2026-01-20,web,northeast,basic,3,49.99,149.97,refunded
100407,1625,2026-02-19,web,midwest,premium,1,29.99,29.99,completed
100408,1287,2026-04-12,web,west,enterprise,3,49.99,149.97,cancelled
100409,1662,2026-05-18,web,midwest,basic,1,79.99,79.99,completed
100410,1638,2026-06-09,web,west,basic,2,49.99,99.98,completed
100411,1154,2026-02-21,web,midwest,premium,4,29.99,119.96,completed
100412,1489,2026-01-15,web,west,premium,4,79.99,319.96,completed
100413,1385,2026-03-25,store,south,enterprise,4,19.99,79.96,completed
100414,1784,2026-05-11,web,northeast,basic,3,49.99,149.97,completed
100415,1103,2026-02-06,phone,northeast,basic,4,19.99,79.96,cancelled
100416,1392,2026-05-06,phone,west,premium,2,79.99,159.98,completed
100417,1245,2026-02-09,store,midwest,premium,1,49.99,49.99,cancelled
100418,1175,2026-03-13,store,south,premium,4,19.99,79.96,completed
100419,1038,2026-02-09,web,midwest,basic,1,49.99,49.99,completed
100420,1476,2026-02-25,web,northeast,basic,1,19.99,19.99,completed
100421,1681,2026-05-31,web,northeast,basic,4,19.99,79.96,completed
100422,1758,2026-04-14,web,midwest,enterprise,4,79.99,319.96,completed
100423,1537,2026-05-19,phone,west,basic,4,49.99,199.96,cancelled
100424,1407,2026-04-20,phone,west,premium,3,19.99,59.97,completed
100425,1524,2026-05-16,store,midwest,premium,4,49.99,199.96,cancelled
100426,1505,2026-04-03,web,northeast,basic,3,49.99,149.97,completed
100427,1035,2026-04-04,store,midwest,basic,2,29.99,59.98,completed
100428,1684,2026-02-25,web,northeast,premium,1,79.99,79.99,completed
100429,1019,2026-03-01,web,midwest,basic,2,49.99,99.98,completed
100430,1320,2026-05-18,web,west,basic,4,49.99,199.96,completed
100431,1775,2026-02-08,phone,south,basic,1,49.99,49.99,completed
100432,1511,2026-01-28,web,northeast,premium,4,79.99,319.96,completed
100433,1399,2026-02-18,store,south,enterprise,4,79.99,319.96,completed
100434,1653,2026-06-13,store,west,premium,1,49.99,49.99,completed
100435,1470,2026-05-05,store,midwest,premium,2,79.99,159.98,completed
100436,1142,2026-01-13,web,west,premium,4,29.99,119.96,completed
100437,1091,2026-02-05,store,south,premium,1,79.99,79.99,completed
100438,1353,2026-04-11,phone,west,enterprise,2,29.99,59.98,cancelled
100439,1799,2026-01-26,web,west,basic,3,29.99,89.97,completed
100440,1726,2026-03-27,web,midwest,basic,2,29.99,59.98,completed
100441,1050,2026-01-04,web,south,enterprise,2,19.99,39.98,completed
100442,1664,2026-03-23,web,south,premium,1,79.99,79.99,completed
100443,1697,2026-06-15,web,south,basic,2,49.99,99.98,completed
100444,1574,2026-05-07,store,northeast,enterprise,3,29.99,89.97,completed
100445,1189,2026-03-29,web,west,basic,3,49.99,149.97,cancelled
100446,1124,2026-05-07,web,south,basic,4,29.99,119.96,refunded
100447,1149,2026-04-30,store,west,premium,3,49.99,149.97,completed
100448,1313,2026-01-22,web,midwest,basic,4,19.99,79.96,completed
100449,1569,2026-05-10,store,midwest,premium,3,29.99,89.97,completed
100450,1341,2026-01-31,web,northeast,basic,2,19.99,39.98,completed
100451,1304,2026-04-29,phone,northeast,basic,4,19.99,79.96,completed
100452,1691,2026-01-11,web,midwest,premium,3,79.99,239.97,completed
100453,1681,2026-02-15,phone,south,premium,2,49.99,99.98,completed
100454,1782,2026-04-06,web,midwest,basic,2,29.99,59.98,completed
100455,1053,2026-01-10,phone,west,enterprise,4,19.99,79.96,completed
100456,1443,2026-06-17,web,northeast,premium,1,49.99,49.99,completed
100457,1612,2026-05-08,store,northeast,basic,2,79.99,159.98,completed
100458,1263,2026-06-01,web,midwest,basic,2,49.99,99.98,refunded
100459,1052,2026-04-09,web,south,premium,1,49.99,49.99,completed
100460,1571,2026-06-21,phone,south,premium,4,79.99,319.96,completed
100461,1619,2026-04-22,web,west,basic,3,79.99,239.97,completed
100462,1004,2026-03-01,phone,northeast,basic,3,79.99,239.97,completed
100463,1102,2026-03-28,store,midwest,basic,2,19.99,39.98,completed
100464,1195,2026-05-25,phone,midwest,basic,1,49.99,49.99,completed
100465,1773,2026-03-06,web,northeast,premium,2,79.99,159.98,completed
100466,1349,2026-02-26,phone,midwest,enterprise,4,49.99,199.96,completed
100467,1046,2026-04-16,phone,northeast,basic,2,49.99,99.98,completed
100468,1655,2026-06-30,store,south,enterprise,3,19.99,59.97,refunded
100469,1268,2026-01-09,web,south,enterprise,1,49.99,49.99,completed
100470,1369,2026-01-22,web,midwest,enterprise,4,19.99,79.96,completed
100471,1635,2026-05-21,web,south,enterprise,2,79.99,159.98,completed
100472,1105,2026-03-30,web,south,premium,3,79.99,239.97,completed
100473,1669,2026-06-25,web,west,premium,2,49.99,99.98,cancelled
100474,1658,2026-01-18,web,northeast,basic,3,19.99,59.97,completed
100475,1656,2026-04-25,store,northeast,basic,1,19.99,19.99,completed
100476,1119,2026-06-17,store,midwest,enterprise,4,29.99,119.96,completed
100477,1786,2026-05-25,phone,northeast,basic,2,29.99,59.98,cancelled
100478,1603,2026-05-23,web,west,basic,4,79.99,319.96,completed
100479,1057,2026-04-16,web,midwest,basic,1,79.99,79.99,completed
100480,1345,2026-01-15,store,midwest,premium,3,29.99,89.97,completed
100481,1740,2026-03-04,store,northeast,premium,1,19.99,19.99,completed
100482,1473,2026-06-16,store,south,basic,1,49.99,49.99,completed
100483,1116,2026-01-13,phone,south,basic,4,49.99,199.96,completed
100484,1790,2026-03-22,web,south,premium,1,19.99,19.99,completed
100485,1126,2026-02-01,store,south,basic,2,79.99,159.98,completed
100486,1392,2026-05-17,web,west,premium,3,49.99,149.97,completed
100487,1640,2026-02-09,web,midwest,basic,1,19.99,19.99,completed
100488,1057,2026-05-28,phone,south,enterprise,2,49.99,99.98,completed
100489,1633,2026-03-23,web,west,premium,3,19.99,59.97,cancelled
100490,1512,2026-03-18,web,midwest,premium,4,29.99,119.96,completed
100491,1750,2026-03-17,web,northeast,premium,3,29.99,89.97,completed
100492,1095,2026-06-21,web,northeast,basic,4,49.99,199.96,completed
100493,1637,2026-02-07,store,west,basic,3,49.99,149.97,completed
100494,1117,2026-03-12,web,midwest,premium,1,49.99,49.99,completed
100495,1559,2026-02-17,web,south,enterprise,4,49.99,199.96,completed
100496,1600,2026-01-18,web,midwest,basic,4,29.99,119.96,completed
100497,1487,2026-05-24,web,south,premium,4,29.99,119.96,completed
100498,1236,2026-02-08,web,west,enterprise,1,19.99,19.99,completed
100499,1271,2026-03-30,phone,south,premium,1,49.99,49.99,completed
100500,1188,2026-03-03,web,west,premium,3,29.99,89.97,completed
100501,1703,2026-05-21,phone,midwest,premium,3,79.99,239.97,completed
100502,1446,2026-04-19,store,midwest,enterprise,1,19.99,19.99,completed
100503,1580,2026-03-22,phone,south,enterprise,1,19.99,19.99,completed
100504,1789,2026-05-14,web,midwest,enterprise,4,19.99,79.96,completed
100505,1246,2026-03-18,web,south,premium,3,79.99,239.97,completed
100506,1075,2026-03-31,store,midwest,basic,3,79.99,239.97,completed
100507,1153,2026-01-14,web,northeast,basic,4,79.99,319.96,completed
100508,1655,2026-04-05,store,south,basic,4,29.99,119.96,completed
100509,1434,2026-02-23,store,west,enterprise,4,79.99,319.96,completed
100510,1085,2026-05-12,store,northeast,enterprise,2,19.99,39.98,completed
100511,1696,2026-02-08,store,west,premium,2,49.99,99.98,completed
100512,1284,2026-03-13,phone,midwest,premium,1,19.99,19.99,completed
100513,1219,2026-01-25,web,northeast,basic,3,19.99,59.97,completed
100514,1068,2026-03-18,store,midwest,basic,4,29.99,119.96,completed
100515,1046,2026-06-09,web,south,premium,4,19.99,79.96,completed
100516,1093,2026-06-15,web,west,basic,3,29.99,89.97,completed
100517,1749,2026-04-30,phone,midwest,basic,2,29.99,59.98,completed
100518,1452,2026-02-22,phone,west,premium,3,49.99,149.97,completed
100519,1203,2026-06-05,store,west,basic,1,19.99,19.99,cancelled
100520,1217,2026-05-11,phone,midwest,enterprise,2,49.99,99.98,completed
100521,1473,2026-05-30,web,south,basic,3,49.99,149.97,completed
100522,1431,2026-04-06,store,west,enterprise,3,19.99,59.97,completed
100523,1340,2026-06-15,store,midwest,basic,1,19.99,19.99,completed
100524,1550,2026-03-13,phone,south,basic,3,79.99,239.97,completed
100525,1611,2026-03-03,web,midwest,premium,2,79.99,159.98,completed
100526,1288,2026-01-06,web,south,premium,4,29.99,119.96,completed
100527,1253,2026-02-01,phone,west,premium,4,19.99,79.96,completed
100528,1733,2026-04-09,web,northeast,basic,4,29.99,119.96,completed
100529,1356,2026-05-18,web,midwest,basic,2,49.99,99.98,completed
100530,1022,2026-05-11,phone,west,premium,3,49.99,149.97,completed
100531,1761,2026-03-17,web,midwest,basic,3,79.99,239.97,completed
100532,1521,2026-06-26,web,midwest,basic,3,29.99,89.97,completed
100533,1757,2026-02-28,web,south,premium,3,19.99,59.97,completed
100534,1099,2026-01-31,web,midwest,basic,4,19.99,79.96,completed
100535,1179,2026-04-03,phone,south,basic,2,79.99,159.98,completed
100536,1222,2026-03-10,web,west,basic,1,79.99,79.99,completed
100537,1761,2026-02-21,web,midwest,enterprise,2,29.99,59.98,completed
100538,1658,2026-03-30,phone,west,basic,3,79.99,239.97,completed
100539,1441,2026-05-07,store,northeast,enterprise,3,79.99,239.97,completed
100540,1607,2026-06-18,phone,west,basic,2,79.99,159.98,completed
100541,1768,2026-01-31,web,midwest,premium,2,49.99,99.98,completed
100542,1324,2026-03-25,web,northeast,basic,4,29.99,119.96,completed
100543,1515,2026-05-07,store,south,basic,3,19.99,59.97,completed
100544,1015,2026-05-30,web,northeast,premium,2,19.99,39.98,completed
100545,1791,2026-05-12,phone,midwest,premium,3,29.99,89.97,completed
100546,1335,2026-01-13,web,midwest,premium,2,79.99,159.98,cancelled
100547,1758,2026-02-14,web,west,premium,3,79.99,239.97,completed
100548,1257,2026-05-07,store,south,basic,2,19.99,39.98,completed
100549,1496,2026-06-19,phone,midwest,basic,3,49.99,149.97,completed
100550,1159,2026-04-24,phone,midwest,basic,1,29.99,29.99,completed
100551,1474,2026-06-26,web,south,enterprise,4,79.99,319.96,completed
100552,1663,2026-01-20,web,south,basic,1,49.99,49.99,completed
100553,1689,2026-03-22,phone,west,enterprise,4,49.99,199.96,completed
100554,1674,2026-06-13,phone,northeast,basic,4,79.99,319.96,completed
100555,1379,2026-05-09,web,south,premium,2,29.99,59.98,completed
100556,1544,2026-05-23,web,midwest,basic,1,29.99,29.99,completed
100557,1690,2026-01-17,web,south,basic,4,19.99,79.96,completed
100558,1426,2026-06-01,store,midwest,premium,3,19.99,59.97,completed
100559,1612,2026-02-27,phone,west,premium,2,29.99,59.98,completed
100560,1267,2026-03-13,store,northeast,enterprise,2,79.99,159.98,completed
100561,1576,2026-04-19,web,west,premium,3,29.99,89.97,completed
100562,1416,2026-01-23,store,south,premium,3,19.99,59.97,completed
100563,1167,2026-06-23,web,midwest,enterprise,4,19.99,79.96,completed
100564,1042,2026-03-13,web,south,premium,3,19.99,59.97,completed
100565,1555,2026-01-08,store,south,premium,2,29.99,59.98,completed
100566,1284,2026-02-28,web,south,basic,3,29.99,89.97,completed
100567,1396,2026-04-21,web,south,basic,1,79.99,79.99,completed
100568,1011,2026-01-13,web,northeast,premium,2,19.99,39.98,completed
100569,1606,2026-06-16,web,midwest,enterprise,3,49.99,149.97,completed
100570,1301,2026-06-05,phone,south,basic,2,49.99,99.98,completed
100571,1252,2026-01-16,phone,midwest,basic,4,79.99,319.96,completed
100572,1498,2026-04-29,phone,northeast,premium,1,79.99,79.99,completed
100573,1753,2026-01-02,phone,midwest,basic,4,19.99,79.96,cancelled
100574,1034,2026-05-25,phone,midwest,premium,1,29.99,29.99,completed
100575,1726,2026-01-30,web,northeast,premium,3,29.99,89.97,completed
100576,1089,2026-04-13,web,south,basic,2,49.99,99.98,completed
100577,1775,2026-01-13,store,midwest,enterprise,3,19.99,59.97,completed
100578,1604,2026-04-06,web,west,premium,4,49.99,199.96,cancelled
100579,1601,2026-04-04,phone,midwest,premium,2,49.99,99.98,completed
100580,1417,2026-03-23,web,south,basic,3,19.99,59.97,completed
100581,1114,2026-01-13,phone,west,basic,3,79.99,239.97,completed
100582,1616,2026-06-20,phone,south,enterprise,2,49.99,99.98,completed
100583,1195,2026-04-04,web,midwest,basic,2,79.99,159.98,completed
100584,1500,2026-05-29,web,northeast,basic,4,29.99,119.96,completed
100585,1625,2026-04-22,phone,south,basic,1,49.99,49.99,completed
100586,1492,2026-02-24,web,south,basic,1,19.99,19.99,completed
100587,1074,2026-03-22,web,northeast,basic,2,79.99,159.98,completed
100588,1412,2026-06-17,phone,midwest,basic,1,29.99,29.99,cancelled
100589,1375,2026-04-26,web,south,enterprise,4,29.99,119.96,completed
100590,1419,2026-05-23,store,midwest,premium,1,49.99,49.99,completed
100591,1728,2026-06-29,web,midwest,basic,2,29.99,59.98,completed
100592,1276,2026-04-18,web,midwest,premium,4,19.99,79.96,completed
100593,1760,2026-02-22,phone,northeast,basic,2,49.99,99.98,completed
100594,1675,2026-05-08,web,midwest,premium,4,29.99,119.96,completed
100595,1393,2026-06-29,web,midwest,basic,4,19.99,79.96,completed
100596,1456,2026-06-07,web,west,basic,2,79.99,159.98,completed
100597,1191,2026-06-10,web,west,enterprise,3,79.99,239.97,completed
100598,1738,2026-02-26,web,west,basic,2,49.99,99.98,completed
100599,1688,2026-02-21,web,south,premium,4,19.99,79.96,completed
100600,1098,2026-05-17,web,south,basic,2,29.99,59.98,completed
100601,1547,2026-04-21,web,west,basic,2,49.99,99.98,completed
100602,1095,2026-01-01,phone,northeast,premium,4,49.99,199.96,completed
100603,1663,2026-02-13,phone,northeast,premium,1,29.99,29.99,completed
100604,1662,2026-03-16,web,west,basic,4,19.99,79.96,completed
100605,1189,2026-04-08,phone,south,basic,2,29.99,59.98,completed
100606,1735,2026-01-09,store,south,basic,4,79.99,319.96,completed
100607,1036,2026-02-01,phone,northeast,enterprise,4,49.99,199.96,completed
100608,1779,2026-01-15,phone,midwest,basic,1,79.99,79.99,completed
100609,1368,2026-05-20,web,northeast,basic,3,49.99,149.97,completed
100610,1694,2026-05-16,store,midwest,enterprise,2,29.99,59.98,completed
100611,1524,2026-03-13,web,south,basic,2,19.99,39.98,completed
100612,1278,2026-06-04,web,south,basic,1,29.99,29.99,completed
100613,1216,2026-01-12,phone,west,basic,4,79.99,319.96,completed
100614,1797,2026-03-06,web,south,premium,3,19.99,59.97,completed
100615,1272,2026-04-17,web,midwest,basic,2,19.99,39.98,completed
100616,1061,2026-02-11,phone,northeast,basic,3,49.99,149.97,completed
100617,1595,2026-04-25,phone,west,enterprise,3,19.99,59.97,cancelled
100618,1728,2026-05-19,phone,midwest,basic,4,49.99,199.96,completed
100619,1341,2026-04-13,store,northeast,basic,4,19.99,79.96,completed
100620,1396,2026-06-20,web,northeast,basic,4,19.99,79.96,completed
100621,1698,2026-04-05,web,northeast,premium,2,49.99,99.98,completed
100622,1018,2026-01-17,phone,south,enterprise,3,19.99,59.97,completed
100623,1176,2026-06-09,web,northeast,basic,3,29.99,89.97,completed
100624,1611,2026-03-26,phone,south,basic,2,19.99,39.98,completed
100625,1395,2026-06-17,web,northeast,basic,1,79.99,79.99,completed
100626,1444,2026-05-31,web,northeast,basic,4,49.99,199.96,completed
100627,1232,2026-02-25,web,south,premium,2,49.99,99.98,completed
100628,1075,2026-05-14,phone,south,basic,4,29.99,119.96,completed
100629,1264,2026-03-27,web,midwest,basic,3,79.99,239.97,completed
100630,1454,2026-06-27,web,northeast,premium,2,19.99,39.98,completed
100631,1795,2026-04-12,web,south,basic,1,29.99,29.99,completed
100632,1717,2026-06-14,web,midwest,premium,4,19.99,79.96,completed
100633,1734,2026-02-23,web,midwest,basic,3,29.99,89.97,completed
100634,1383,2026-06-26,web,south,enterprise,3,49.99,149.97,completed
100635,1563,2026-04-25,web,northeast,basic,1,79.99,79.99,cancelled
100636,1505,2026-05-19,web,midwest,enterprise,1,49.99,49.99,completed
100637,1366,2026-03-29,web,northeast,basic,4,29.99,119.96,completed
100638,1143,2026-02-18,phone,northeast,premium,3,19.99,59.97,completed
100639,1068,2026-05-29,store,midwest,basic,1,79.99,79.99,completed
100640,1098,2026-04-25,web,south,premium,2,19.99,39.98,completed
100641,1395,2026-03-04,web,northeast,basic,1,49.99,49.99,completed
100642,1024,2026-04-14,web,west,premium,2,19.99,39.98,completed
100643,1468,2026-03-24,phone,south,premium,3,29.99,89.97,completed
100644,1483,2026-04-13,web,midwest,premium,4,79.99,319.96,completed
100645,1564,2026-06-05,web,west,premium,3,79.99,239.97,completed
100646,1150,2026-01-17,phone,northeast,basic,3,79.99,239.97,completed
100647,1143,2026-01-06,web,south,basic,3,29.99,89.97,completed
100648,1568,2026-05-27,phone,west,premium,3,19.99,59.97,completed
100649,1038,2026-01-28,web,south,basic,4,79.99,319.96,completed
100650,1108,2026-02-07,phone,northeast,basic,1,49.99,49.99,completed
100651,1692,2026-04-29,web,south,basic,4,49.99,199.96,completed
100652,1041,2026-02-06,store,west,basic,4,49.99,199.96,completed
100653,1185,2026-04-25,phone,south,premium,4,49.99,199.96,completed
100654,1397,2026-03-09,web,midwest,premium,4,49.99,199.96,completed
100655,1222,2026-06-26,web,midwest,enterprise,1,29.99,29.99,completed
100656,1633,2026-02-12,web,west,basic,3,19.99,59.97,completed
100657,1132,2026-06-13,store,south,enterprise,1,29.99,29.99,completed
100658,1162,2026-02-27,store,west,premium,1,49.99,49.99,completed
100659,1214,2026-01-13,web,south,enterprise,3,49.99,149.97,completed
100660,1732,2026-02-21,store,northeast,premium,1,79.99,79.99,completed
100661,1234,2026-02-27,web,midwest,premium,4,79.99,319.96,completed
100662,1657,2026-02-01,web,northeast,basic,4,19.99,79.96,completed
100663,1750,2026-04-15,store,south,basic,3,19.99,59.97,completed
100664,1587,2026-03-24,phone,northeast,basic,3,19.99,59.97,completed
100665,1008,2026-04-09,web,west,enterprise,3,29.99,89.97,completed
100666,1073,2026-04-14,phone,west,enterprise,4,79.99,319.96,completed
100667,1491,2026-01-28,store,south,premium,3,19.99,59.97,completed
100668,1252,2026-05-09,phone,midwest,enterprise,1,79.99,79.99,refunded
100669,1229,2026-06-19,store,west,enterprise,1,79.99,79.99,completed
100670,1518,2026-02-17,phone,midwest,premium,2,79.99,159.98,cancelled
100671,1173,2026-02-09,web,south,premium,2,79.99,159.98,completed
100672,1652,2026-04-07,store,midwest,basic,3,79.99,239.97,completed
100673,1167,2026-04-24,web,south,basic,2,79.99,159.98,completed
100674,1169,2026-05-12,store,northeast,basic,4,29.99,119.96,cancelled
100675,1392,2026-06-15,web,south,basic,4,49.99,199.96,completed
100676,1794,2026-06-04,phone,northeast,premium,1,79.99,79.99,completed
100677,1633,2026-05-17,web,south,basic,1,29.99,29.99,completed
100678,1193,2026-04-21,web,west,enterprise,2,19.99,39.98,completed
100679,1516,2026-05-24,web,west,basic,2,29.99,59.98,completed
100680,1028,2026-03-17,store,midwest,basic,4,29.99,119.96,completed
100681,1164,2026-01-31,store,south,premium,1,29.99,29.99,completed
100682,1421,2026-04-29,web,south,premium,2,79.99,159.98,completed
100683,1338,2026-05-22,store,south,basic,4,19.99,79.96,completed
100684,1647,2026-01-25,store,midwest,premium,1,29.99,29.99,completed
100685,1495,2026-02-03,phone,west,basic,4,19.99,79.96,completed
100686,1364,2026-03-08,web,south,enterprise,4,29.99,119.96,cancelled
100687,1341,2026-06-01,store,midwest,premium,1,79.99,79.99,completed
100688,1499,2026-04-28,phone,south,basic,4,29.99,119.96,completed
100689,1656,2026-03-14,store,northeast,premium,2,29.99,59.98,completed
100690,1510,2026-01-26,store,south,enterprise,4,19.99,79.96,completed
100691,1326,2026-05-28,store,northeast,premium,2,19.99,39.98,completed
100692,1216,2026-04-14,phone,midwest,premium,3,19.99,59.97,completed
100693,1300,2026-01-10,web,midwest,basic,3,49.99,149.97,completed
100694,1131,2026-03-08,web,west,enterprise,3,19.99,59.97,completed
100695,1069,2026-06-01,web,south,premium,4,29.99,119.96,completed
100696,1251,2026-01-05,web,midwest,premium,3,49.99,149.97,completed
100697,1414,2026-01-27,phone,west,basic,3,19.99,59.97,completed
100698,1786,2026-04-23,phone,south,enterprise,4,79.99,319.96,completed
100699,1444,2026-01-15,store,midwest,premium,1,19.99,19.99,completed
100700,1181,2026-06-12,web,northeast,enterprise,4,79.99,319.96,completed
100701,1166,2026-04-15,web,midwest,basic,2,49.99,99.98,completed
100702,1090,2026-06-30,web,northeast,basic,4,79.99,319.96,completed
100703,1713,2026-02-13,web,west,basic,1,49.99,49.99,completed
100704,1530,2026-01-26,web,west,basic,3,79.99,239.97,completed
100705,1038,2026-06-24,phone,south,premium,4,19.99,79.96,completed
100706,1125,2026-06-11,web,south,premium,3,49.99,149.97,completed
100707,1450,2026-04-05,phone,south,premium,2,29.99,59.98,completed
100708,1172,2026-06-27,web,west,premium,1,29.99,29.99,completed
100709,1652,2026-03-25,store,northeast,basic,3,29.99,89.97,completed
100710,1753,2026-05-20,store,south,basic,3,19.99,59.97,completed
100711,1219,2026-05-12,store,south,enterprise,3,29.99,89.97,completed
100712,1637,2026-03-28,store,west,premium,3,49.99,149.97,completed
100713,1057,2026-06-25,store,northeast,premium,4,29.99,119.96,completed
100714,1659,2026-04-22,store,midwest,basic,1,49.99,49.99,completed
100715,1475,2026-05-09,phone,south,premium,1,29.99,29.99,completed
100716,1455,2026-03-30,web,midwest,basic,3,79.99,239.97,completed
100717,1360,2026-03-07,web,midwest,premium,1,49.99,49.99,completed
100718,1000,2026-06-07,web,south,enterprise,3,29.99,89.97,completed
100719,1386,2026-05-11,phone,west,premium,2,29.99,59.98,completed
100720,1347,2026-05-02,web,south,basic,2,29.99,59.98,completed
100721,1189,2026-05-29,store,northeast,premium,2,49.99,99.98,completed
100722,1504,2026-03-25,store,northeast,basic,1,49.99,49.99,completed
100723,1190,2026-06-26,web,south,basic,3,29.99,89.97,completed
100724,1507,2026-04-26,web,midwest,enterprise,4,79.99,319.96,completed
100725,1368,2026-04-26,store,northeast,basic,4,49.99,199.96,completed
100726,1408,2026-02-07,web,northeast,enterprise,2,49.99,99.98,cancelled
100727,1116,2026-05-23,phone,south,basic,2,79.99,159.98,completed
100728,1133,2026-04-20,web,south,premium,1,19.99,19.99,cancelled
100729,1057,2026-06-29,phone,west,premium,4,79.99,319.96,completed
100730,1555,2026-02-15,web,south,basic,1,29.99,29.99,completed
100731,1684,2026-01-25,store,south,premium,2,49.99,99.98,completed
100732,1671,2026-01-21,phone,northeast,enterprise,3,49.99,149.97,completed
100733,1172,2026-05-01,web,northeast,premium,3,49.99,149.97,completed
100734,1148,2026-05-02,web,northeast,premium,3,49.99,149.97,completed
100735,1079,2026-05-13,web,midwest,enterprise,2,19.99,39.98,completed
100736,1212,2026-03-11,store,northeast,basic,1,49.99,49.99,completed
100737,1202,2026-04-23,phone,northeast,basic,3,49.99,149.97,completed
100738,1763,2026-04-17,web,south,basic,4,19.99,79.96,completed
100739,1228,2026-04-22,web,west,premium,4,29.99,119.96,cancelled
100740,1675,2026-04-18,web,northeast,premium,2,29.99,59.98,completed
100741,1226,2026-02-16,phone,west,premium,4,19.99,79.96,completed
100742,1658,2026-04-01,phone,northeast,enterprise,4,29.99,119.96,cancelled
100743,1531,2026-01-18,web,northeast,premium,2,29.99,59.98,completed
100744,1440,2026-05-29,phone,west,basic,1,79.99,79.99,completed
100745,1401,2026-04-14,phone,south,basic,3,79.99,239.97,completed
100746,1046,2026-05-31,store,northeast,enterprise,2,79.99,159.98,completed
100747,1232,2026-02-09,store,west,basic,4,19.99,79.96,cancelled
100748,1304,2026-05-18,phone,northeast,premium,3,49.99,149.97,completed
100749,1525,2026-03-30,phone,midwest,basic,3,19.99,59.97,completed
100750,1142,2026-06-29,web,midwest,basic,3,19.99,59.97,completed
100751,1414,2026-03-02,store,midwest,premium,2,19.99,39.98,completed
100752,1512,2026-01-05,web,midwest,basic,3,19.99,59.97,completed
100753,1372,2026-05-02,web,south,enterprise,1,79.99,79.99,completed
100754,1565,2026-06-30,web,midwest,basic,4,19.99,79.96,completed
100755,1258,2026-02-24,store,west,premium,2,79.99,159.98,completed
100756,1655,2026-02-06,web,northeast,premium,2,49.99,99.98,completed
100757,1470,2026-02-25,web,west,premium,3,29.99,89.97,completed
100758,1011,2026-04-12,web,midwest,enterprise,4,79.99,319.96,completed
100759,1329,2026-04-03,web,south,basic,3,19.99,59.97,completed
100760,1735,2026-03-14,web,midwest,basic,3,49.99,149.97,completed
100761,1783,2026-02-28,store,midwest,basic,2,19.99,39.98,cancelled
100762,1357,2026-01-02,store,south,enterprise,1,49.99,49.99,completed
100763,1407,2026-04-14,web,south,enterprise,4,29.99,119.96,completed
100764,1667,2026-02-20,store,south,basic,4,49.99,199.96,completed
100765,1372,2026-01-30,phone,south,premium,4,49.99,199.96,completed
100766,1007,2026-01-11,web,south,basic,4,29.99,119.96,completed
100767,1121,2026-04-18,phone,south,basic,1,29.99,29.99,completed
100768,1347,2026-03-17,store,northeast,premium,2,49.99,99.98,completed
100769,1675,2026-06-16,web,midwest,basic,1,19.99,19.99,completed
100770,1089,2026-03-31,web,midwest,basic,3,79.99,239.97,completed
100771,1647,2026-05-03,store,south,premium,2,19.99,39.98,completed
100772,1697,2026-05-05,phone,west,premium,1,79.99,79.99,cancelled
100773,1315,2026-05-02,web,south,basic,4,29.99,119.96,completed
100774,1177,2026-04-04,phone,northeast,premium,4,19.99,79.96,completed
100775,1539,2026-04-13,web,west,premium,2,29.99,59.98,completed
100776,1731,2026-06-11,store,northeast,basic,1,49.99,49.99,completed
100777,1040,2026-01-31,web,west,premium,2,49.99,99.98,completed
100778,1739,2026-02-21,web,west,basic,4,19.99,79.96,cancelled
100779,1703,2026-03-30,phone,south,basic,1,29.99,29.99,completed
100780,1501,2026-03-17,web,northeast,basic,4,19.99,79.96,completed
100781,1144,2026-05-09,web,west,enterprise,2,19.99,39.98,completed
100782,1200,2026-01-22,phone,northeast,basic,2,79.99,159.98,completed
100783,1723,2026-02-09,store,south,basic,2,49.99,99.98,completed
100784,1460,2026-04-11,web,south,basic,2,19.99,39.98,completed
100785,1731,2026-04-21,phone,south,basic,2,49.99,99.98,completed
100786,1751,2026-05-09,web,south,premium,3,79.99,239.97,completed
100787,1557,2026-03-06,web,midwest,basic,2,29.99,59.98,completed
100788,1546,2026-06-19,web,west,premium,2,19.99,39.98,refunded
100789,1252,2026-05-29,web,midwest,premium,4,49.99,199.96,completed
100790,1389,2026-03-20,store,south,premium,2,19.99,39.98,completed
100791,1593,2026-01-22,web,west,basic,1,29.99,29.99,completed
100792,1255,2026-06-15,phone,west,basic,2,19.99,39.98,completed
100793,1708,2026-04-09,web,northeast,basic,3,19.99,59.97,completed
100794,1449,2026-01-08,store,south,premium,2,49.99,99.98,completed
100795,1009,2026-06-24,phone,midwest,basic,4,29.99,119.96,completed
100796,1797,2026-01-17,phone,northeast,premium,1,79.99,79.99,completed
100797,1241,2026-01-17,web,west,basic,1,29.99,29.99,completed
100798,1250,2026-03-31,web,midwest,basic,2,29.99,59.98,completed
100799,1004,2026-05-21,web,south,basic,2,79.99,159.98,completed
100800,1118,2026-05-25,store,midwest,basic,2,19.99,39.98,completed
100801,1373,2026-06-15,web,midwest,enterprise,2,49.99,99.98,completed
100802,1064,2026-03-22,phone,midwest,basic,4,19.99,79.96,completed
100803,1145,2026-03-19,phone,northeast,enterprise,4,19.99,79.96,cancelled
100804,1223,2026-06-22,web,west,premium,1,79.99,79.99,completed
100805,1238,2026-01-06,phone,midwest,enterprise,2,79.99,159.98,completed
100806,1176,2026-06-12,phone,west,basic,4,19.99,79.96,completed
100807,1778,2026-04-20,phone,northeast,enterprise,4,29.99,119.96,cancelled
100808,1281,2026-01-14,web,south,basic,1,49.99,49.99,completed
100809,1062,2026-03-13,web,south,premium,1,29.99,29.99,completed
100810,1216,2026-05-23,web,midwest,basic,3,19.99,59.97,completed
100811,1794,2026-02-23,store,northeast,basic,4,19.99,79.96,completed
100812,1688,2026-01-27,phone,south,premium,1,49.99,49.99,completed
100813,1460,2026-01-13,web,northeast,premium,4,29.99,119.96,completed
100814,1609,2026-06-08,store,northeast,basic,4,19.99,79.96,completed
100815,1104,2026-06-12,web,midwest,basic,2,19.99,39.98,completed
100816,1098,2026-03-01,store,midwest,premium,2,79.99,159.98,refunded
100817,1510,2026-01-06,store,northeast,basic,2,49.99,99.98,cancelled
100818,1384,2026-02-27,store,northeast,basic,2,79.99,159.98,completed
100819,1404,2026-02-18,store,midwest,enterprise,4,79.99,319.96,completed
100820,1517,2026-05-31,web,northeast,enterprise,3,79.99,239.97,completed
100821,1475,2026-06-11,web,midwest,enterprise,3,19.99,59.97,completed
100822,1708,2026-01-26,phone,west,premium,3,29.99,89.97,completed
100823,1644,2026-02-16,web,northeast,basic,4,79.99,319.96,completed
100824,1770,2026-01-05,web,midwest,enterprise,3,29.99,89.97,completed
100825,1436,2026-01-20,phone,northeast,basic,4,19.99,79.96,completed
100826,1022,2026-05-14,web,midwest,basic,1,79.99,79.99,cancelled
100827,1564,2026-02-28,store,northeast,premium,3,19.99,59.97,completed
100828,1676,2026-05-26,store,south,basic,4,79.99,319.96,completed
100829,1713,2026-05-12,store,south,premium,1,79.99,79.99,completed
100830,1457,2026-01-17,phone,northeast,basic,2,19.99,39.98,cancelled
100831,1082,2026-01-14,store,south,basic,1,49.99,49.99,completed
100832,1144,2026-01-13,store,northeast,premium,1,49.99,49.99,completed
100833,1084,2026-05-15,phone,northeast,basic,3,29.99,89.97,completed
100834,1077,2026-05-08,web,west,basic,2,29.99,59.98,completed
100835,1456,2026-02-13,store,west,basic,2,19.99,39.98,completed
100836,1000,2026-04-29,store,south,basic,3,19.99,59.97,refunded
100837,1050,2026-05-23,web,west,basic,1,19.99,19.99,cancelled
100838,1684,2026-01-19,web,west,enterprise,4,49.99,199.96,completed
100839,1716,2026-03-04,phone,northeast,basic,3,49.99,149.97,completed
100840,1771,2026-06-12,web,midwest,enterprise,1,79.99,79.99,completed
100841,1445,2026-03-22,store,northeast,basic,4,79.99,319.96,completed
100842,1448,2026-06-12,store,west,basic,3,19.99,59.97,completed
100843,1487,2026-05-27,web,northeast,basic,3,19.99,59.97,completed
100844,1799,2026-05-28,phone,south,basic,2,29.99,59.98,completed
100845,1033,2026-04-10,web,midwest,basic,2,49.99,99.98,completed
100846,1347,2026-06-12,phone,west,basic,2,19.99,39.98,completed
100847,1094,2026-06-09,web,west,basic,4,49.99,199.96,completed
100848,1071,2026-05-02,phone,northeast,basic,3,19.99,59.97,completed
100849,1550,2026-06-25,web,northeast,premium,2,79.99,159.98,completed
100850,1153,2026-02-13,web,northeast,enterprise,2,19.99,39.98,completed
100851,1249,2026-04-14,web,northeast,basic,3,79.99,239.97,completed
100852,1673,2026-06-01,web,west,premium,4,29.99,119.96,completed
100853,1437,2026-03-02,phone,northeast,premium,2,29.99,59.98,completed
100854,1117,2026-05-05,web,west,basic,1,29.99,29.99,completed
100855,1770,2026-05-25,web,northeast,enterprise,4,19.99,79.96,completed
100856,1305,2026-03-12,store,midwest,enterprise,2,29.99,59.98,completed
100857,1267,2026-04-17,store,midwest,basic,1,19.99,19.99,completed
100858,1053,2026-02-19,store,northeast,premium,2,49.99,99.98,completed
100859,1235,2026-03-06,store,northeast,premium,4,79.99,319.96,completed
100860,1388,2026-04-09,web,south,basic,3,49.99,149.97,cancelled
100861,1733,2026-02-01,web,midwest,basic,3,19.99,59.97,completed
100862,1762,2026-06-13,phone,west,enterprise,4,29.99,119.96,completed
100863,1400,2026-05-21,store,midwest,premium,2,79.99,159.98,completed
100864,1623,2026-02-27,store,west,basic,4,29.99,119.96,completed
100865,1766,2026-05-08,web,northeast,basic,1,49.99,49.99,completed
100866,1302,2026-05-22,web,midwest,enterprise,2,19.99,39.98,completed
100867,1206,2026-06-14,web,midwest,basic,4,79.99,319.96,completed
100868,1228,2026-04-22,phone,south,premium,3,79.99,239.97,completed
100869,1577,2026-03-09,phone,south,basic,4,19.99,79.96,completed
100870,1074,2026-02-09,web,midwest,basic,2,19.99,39.98,cancelled
100871,1434,2026-05-24,web,midwest,basic,4,79.99,319.96,completed
100872,1102,2026-05-12,phone,midwest,basic,3,49.99,149.97,completed
100873,1421,2026-06-22,phone,west,basic,1,49.99,49.99,completed
100874,1703,2026-03-31,web,northeast,premium,4,29.99,119.96,completed
100875,1763,2026-01-28,store,south,premium,4,79.99,319.96,cancelled
100876,1737,2026-04-06,phone,northeast,basic,1,19.99,19.99,completed
100877,1305,2026-01-31,store,south,premium,4,19.99,79.96,completed
100878,1097,2026-01-03,store,south,basic,3,19.99,59.97,completed
100879,1797,2026-05-16,web,south,basic,1,19.99,19.99,completed
100880,1334,2026-01-24,web,midwest,basic,3,79.99,239.97,completed
100881,1434,2026-01-15,phone,south,basic,3,49.99,149.97,completed
100882,1446,2026-06-20,web,northeast,enterprise,3,29.99,89.97,completed
100883,1307,2026-06-08,store,south,premium,2,49.99,99.98,completed
100884,1248,2026-02-14,phone,northeast,basic,1,29.99,29.99,completed
100885,1165,2026-01-08,store,south,premium,2,19.99,39.98,completed
100886,1480,2026-03-12,web,south,basic,2,19.99,39.98,cancelled
100887,1334,2026-04-18,web,midwest,basic,4,79.99,319.96,cancelled
100888,1541,2026-04-25,phone,northeast,basic,1,19.99,19.99,cancelled
100889,1758,2026-04-13,web,south,premium,4,79.99,319.96,refunded
100890,1105,2026-05-05,phone,south,basic,2,79.99,159.98,completed
100891,1562,2026-02-26,store,northeast,enterprise,4,79.99,319.96,completed
100892,1080,2026-01-30,web,south,basic,3,19.99,59.97,completed
100893,1132,2026-05-26,phone,west,basic,2,19.99,39.98,completed
100894,1796,2026-04-24,web,midwest,enterprise,3,49.99,149.97,completed
100895,1137,2026-04-27,web,northeast,basic,1,29.99,29.99,completed
100896,1183,2026-06-16,store,midwest,premium,4,49.99,199.96,cancelled
100897,1400,2026-03-01,store,west,premium,2,19.99,39.98,completed
100898,1329,2026-04-08,web,west,enterprise,1,29.99,29.99,completed
100899,1784,2026-06-20,store,west,basic,3,79.99,239.97,completed
100900,1507,2026-05-06,web,northeast,basic,4,29.99,119.96,completed
100901,1068,2026-06-22,web,west,premium,4,79.99,319.96,completed
100902,1545,2026-05-31,web,northeast,premium,2,19.99,39.98,completed
100903,1773,2026-04-04,store,northeast,premium,4,29.99,119.96,completed
100904,1052,2026-05-14,web,south,basic,4,79.99,319.96,completed
100905,1449,2026-05-02,phone,northeast,basic,3,49.99,149.97,completed
100906,1204,2026-04-18,phone,west,premium,3,49.99,149.97,completed
100907,1125,2026-01-04,phone,northeast,basic,3,79.99,239.97,refunded
100908,1746,2026-04-03,web,northeast,basic,1,49.99,49.99,completed
100909,1042,2026-05-31,web,midwest,basic,1,49.99,49.99,cancelled
100910,1751,2026-01-06,web,west,basic,4,29.99,119.96,completed
100911,1110,2026-02-01,phone,northeast,premium,1,49.99,49.99,completed
100912,1760,2026-04-16,phone,south,premium,2,29.99,59.98,completed
100913,1662,2026-05-26,phone,northeast,basic,3,19.99,59.97,completed
100914,1182,2026-01-15,phone,northeast,basic,1,49.99,49.99,completed
100915,1094,2026-06-17,web,midwest,premium,4,19.99,79.96,completed
100916,1373,2026-05-02,store,west,basic,3,49.99,149.97,completed
100917,1519,2026-04-06,phone,west,premium,1,79.99,79.99,cancelled
100918,1359,2026-01-06,web,south,premium,3,79.99,239.97,completed
100919,1695,2026-04-22,web,south,enterprise,1,19.99,19.99,refunded
100920,1280,2026-04-30,store,south,premium,4,19.99,79.96,completed
100921,1194,2026-05-03,store,northeast,basic,1,19.99,19.99,completed
100922,1194,2026-03-08,web,northeast,premium,1,79.99,79.99,completed
100923,1666,2026-04-16,phone,south,basic,1,19.99,19.99,completed
100924,1092,2026-05-19,web,west,basic,3,79.99,239.97,completed
100925,1671,2026-02-12,web,west,basic,1,19.99,19.99,completed
100926,1060,2026-05-25,phone,south,basic,1,29.99,29.99,completed
100927,1633,2026-04-06,phone,midwest,basic,1,29.99,29.99,completed
100928,1050,2026-05-12,phone,west,basic,3,49.99,149.97,completed
100929,1402,2026-03-22,web,west,premium,4,29.99,119.96,completed
100930,1788,2026-02-10,web,south,enterprise,4,19.99,79.96,refunded
100931,1004,2026-05-13,web,west,basic,4,29.99,119.96,cancelled
100932,1465,2026-06-09,web,northeast,premium,1,29.99,29.99,completed
100933,1603,2026-02-04,web,northeast,basic,3,19.99,59.97,completed
100934,1681,2026-01-22,web,west,enterprise,4,29.99,119.96,completed
100935,1533,2026-05-30,web,northeast,basic,4,19.99,79.96,completed
100936,1404,2026-04-22,web,midwest,enterprise,4,29.99,119.96,completed
100937,1512,2026-01-11,phone,west,basic,2,19.99,39.98,completed
100938,1644,2026-01-03,web,south,premium,3,79.99,239.97,completed
100939,1232,2026-05-17,web,northeast,basic,2,79.99,159.98,completed
100940,1523,2026-03-01,phone,midwest,basic,1,49.99,49.99,cancelled
100941,1345,2026-03-17,web,midwest,basic,4,29.99,119.96,completed
100942,1045,2026-03-28,phone,northeast,basic,1,49.99,49.99,completed
100943,1545,2026-01-14,web,midwest,premium,3,19.99,59.97,completed
100944,1077,2026-01-18,web,west,premium,1,79.99,79.99,completed
100945,1729,2026-04-23,web,midwest,basic,1,19.99,19.99,completed
100946,1072,2026-03-14,web,northeast,enterprise,4,49.99,199.96,completed
100947,1793,2026-01-23,phone,midwest,basic,3,19.99,59.97,completed
100948,1248,2026-03-24,store,northeast,enterprise,1,19.99,19.99,completed
100949,1046,2026-05-05,web,northeast,basic,2,19.99,39.98,completed
100950,1120,2026-06-24,web,midwest,enterprise,4,19.99,79.96,completed
100951,1213,2026-03-10,phone,northeast,basic,2,79.99,159.98,completed
100952,1238,2026-02-16,web,northeast,premium,4,19.99,79.96,completed
100953,1055,2026-04-26,store,south,basic,1,19.99,19.99,completed
100954,1349,2026-01-30,web,west,premium,4,79.99,319.96,completed
100955,1106,2026-01-25,store,northeast,premium,1,19.99,19.99,completed
100956,1047,2026-06-05,web,west,basic,2,19.99,39.98,completed
100957,1572,2026-04-22,web,south,enterprise,1,49.99,49.99,completed
100958,1336,2026-01-25,store,south,enterprise,4,79.99,319.96,completed
100959,1025,2026-03-15,phone,south,enterprise,4,29.99,119.96,completed
100960,1256,2026-02-27,web,south,enterprise,4,19.99,79.96,completed
100961,1007,2026-04-04,phone,west,premium,2,49.99,99.98,completed
100962,1624,2026-04-29,phone,midwest,enterprise,3,79.99,239.97,completed
100963,1252,2026-05-07,web,midwest,enterprise,2,19.99,39.98,completed
100964,1691,2026-06-18,phone,west,basic,1,29.99,29.99,completed
100965,1718,2026-01-25,web,northeast,premium,1,19.99,19.99,completed
100966,1302,2026-03-19,store,west,enterprise,2,49.99,99.98,completed
100967,1638,2026-04-09,store,northeast,premium,2,79.99,159.98,refunded
100968,1055,2026-04-26,web,northeast,basic,1,49.99,49.99,completed
100969,1725,2026-02-17,web,midwest,basic,1,79.99,79.99,completed
100970,1525,2026-01-10,web,south,premium,1,29.99,29.99,completed
100971,1473,2026-04-09,web,midwest,enterprise,3,19.99,59.97,completed
100972,1027,2026-01-11,store,midwest,basic,3,49.99,149.97,completed
100973,1077,2026-03-26,web,west,basic,2,29.99,59.98,completed
100974,1215,2026-05-29,web,west,basic,2,29.99,59.98,completed
100975,1385,2026-06-22,store,northeast,premium,3,19.99,59.97,completed
100976,1364,2026-05-15,store,west,basic,4,49.99,199.96,completed
100977,1665,2026-05-06,web,northeast,premium,3,19.99,59.97,completed
100978,1525,2026-03-05,phone,northeast,enterprise,2,19.99,39.98,completed
100979,1698,2026-01-02,phone,south,premium,3,79.99,239.97,completed
100980,1311,2026-03-17,store,south,basic,4,79.99,319.96,cancelled
100981,1006,2026-05-01,phone,midwest,enterprise,2,19.99,39.98,completed
100982,1002,2026-02-11,phone,south,premium,1,79.99,79.99,completed
100983,1622,2026-02-23,web,northeast,basic,2,49.99,99.98,completed
100984,1749,2026-03-16,web,west,basic,3,79.99,239.97,completed
100985,1362,2026-01-16,phone,south,premium,3,29.99,89.97,completed
100986,1750,2026-01-18,store,south,premium,4,19.99,79.96,completed
100987,1507,2026-03-31,store,south,enterprise,3,19.99,59.97,completed
100988,1273,2026-05-24,store,south,basic,4,49.99,199.96,completed
100989,1505,2026-01-06,web,northeast,basic,2,19.99,39.98,completed
100990,1738,2026-04-18,phone,northeast,basic,3,79.99,239.97,completed
100991,1014,2026-06-24,store,midwest,premium,2,29.99,59.98,completed
100992,1191,2026-02-17,phone,west,premium,1,19.99,19.99,cancelled
100993,1630,2026-02-11,web,midwest,basic,1,79.99,79.99,cancelled
100994,1484,2026-03-17,web,midwest,basic,4,29.99,119.96,completed
100995,1027,2026-03-18,store,south,enterprise,3,19.99,59.97,completed
100996,1713,2026-05-12,web,west,enterprise,2,19.99,39.98,completed
100997,1038,2026-05-10,store,south,basic,2,19.99,39.98,completed
100998,1272,2026-02-28,web,northeast,premium,3,29.99,89.97,completed
100999,1230,2026-06-04,phone,midwest,premium,2,19.99,39.98,completed
101000,1085,2026-01-27,phone,west,basic,3,19.99,59.97,completed
101001,1473,2026-03-20,phone,northeast,basic,3,79.99,239.97,completed
101002,1125,2026-03-13,web,midwest,basic,1,79.99,79.99,completed
101003,1536,2026-01-07,store,west,basic,3,79.99,239.97,completed
101004,1144,2026-04-21,phone,midwest,premium,2,79.99,159.98,completed
101005,1524,2026-04-29,web,west,basic,3,19.99,59.97,cancelled
101006,1211,2026-06-23,phone,midwest,basic,1,29.99,29.99,completed
101007,1024,2026-03-04,web,south,premium,1,19.99,19.99,completed
101008,1579,2026-05-04,web,midwest,basic,4,49.99,199.96,completed
101009,1393,2026-01-12,web,midwest,premium,2,29.99,59.98,completed
101010,1066,2026-05-21,store,west,basic,3,49.99,149.97,completed
101011,1232,2026-02-12,web,west,basic,2,19.99,39.98,completed
101012,1108,2026-01-17,phone,south,enterprise,2,29.99,59.98,completed
101013,1145,2026-03-04,web,west,basic,3,29.99,89.97,completed
101014,1110,2026-04-30,web,midwest,premium,1,79.99,79.99,completed
101015,1227,2026-02-05,store,west,basic,2,19.99,39.98,refunded
101016,1110,2026-01-08,phone,west,enterprise,4,49.99,199.96,completed
101017,1469,2026-03-10,store,west,premium,2,29.99,59.98,completed
101018,1033,2026-03-31,web,south,basic,1,29.99,29.99,cancelled
101019,1622,2026-02-05,web,south,premium,4,79.99,319.96,completed
101020,1775,2026-01-28,store,northeast,basic,4,29.99,119.96,completed
101021,1368,2026-04-28,phone,south,enterprise,4,79.99,319.96,completed
101022,1747,2026-04-03,web,south,basic,4,29.99,119.96,completed
101023,1594,2026-06-24,web,south,premium,3,29.99,89.97,completed
101024,1553,2026-03-17,store,midwest,basic,3,19.99,59.97,completed
101025,1424,2026-04-11,web,northeast,premium,3,29.99,89.97,completed
101026,1612,2026-06-07,phone,midwest,enterprise,4,79.99,319.96,completed
101027,1517,2026-05-31,web,south,enterprise,1,79.99,79.99,completed
101028,1691,2026-05-24,web,south,basic,2,79.99,159.98,completed
101029,1281,2026-01-14,store,northeast,premium,4,49.99,199.96,completed
101030,1319,2026-03-12,web,northeast,basic,1,29.99,29.99,completed
101031,1737,2026-06-29,web,west,basic,2,19.99,39.98,completed
101032,1442,2026-05-04,store,south,basic,4,19.99,79.96,completed
101033,1314,2026-05-05,web,south,basic,2,49.99,99.98,completed
101034,1740,2026-02-06,web,midwest,premium,3,29.99,89.97,cancelled
101035,1376,2026-01-29,phone,west,basic,3,79.99,239.97,completed
101036,1288,2026-05-23,web,south,premium,3,49.99,149.97,completed
101037,1436,2026-06-24,web,midwest,basic,1,49.99,49.99,completed
101038,1661,2026-06-23,web,northeast,basic,3,79.99,239.97,completed
101039,1276,2026-06-29,phone,midwest,premium,1,49.99,49.99,completed
101040,1709,2026-01-19,phone,south,basic,3,49.99,149.97,completed
101041,1581,2026-04-16,phone,midwest,basic,3,79.99,239.97,cancelled
101042,1502,2026-01-21,web,midwest,basic,3,29.99,89.97,completed
101043,1623,2026-03-05,phone,west,basic,1,19.99,19.99,completed
101044,1515,2026-06-14,store,west,premium,2,19.99,39.98,completed
101045,1349,2026-01-27,web,northeast,basic,1,79.99,79.99,completed
101046,1445,2026-02-24,phone,west,basic,4,79.99,319.96,completed
101047,1349,2026-01-29,phone,midwest,enterprise,4,29.99,119.96,completed
101048,1606,2026-05-28,store,west,enterprise,1,49.99,49.99,completed
101049,1663,2026-01-25,store,south,basic,1,29.99,29.99,completed
101050,1136,2026-03-11,web,midwest,premium,2,49.99,99.98,completed
101051,1758,2026-03-04,web,midwest,basic,1,49.99,49.99,completed
101052,1242,2026-06-13,web,midwest,basic,3,29.99,89.97,completed
101053,1542,2026-05-10,web,south,basic,2,79.99,159.98,cancelled
101054,1039,2026-05-30,web,midwest,premium,1,79.99,79.99,completed
101055,1228,2026-01-16,store,west,basic,1,29.99,29.99,completed
101056,1547,2026-05-26,web,south,enterprise,4,49.99,199.96,completed
101057,1222,2026-04-10,web,midwest,basic,2,49.99,99.98,cancelled
101058,1005,2026-01-30,phone,west,basic,4,49.99,199.96,completed
101059,1321,2026-02-14,web,west,premium,1,49.99,49.99,completed
101060,1467,2026-01-19,store,northeast,basic,2,29.99,59.98,cancelled
101061,1731,2026-02-03,store,west,basic,3,19.99,59.97,completed
101062,1074,2026-05-21,web,west,basic,1,79.99,79.99,completed
101063,1003,2026-06-20,web,northeast,basic,1,79.99,79.99,completed
101064,1645,2026-03-03,web,northeast,basic,4,19.99,79.96,completed
101065,1117,2026-04-28,phone,south,basic,3,49.99,149.97,completed
101066,1605,2026-04-10,web,west,basic,1,19.99,19.99,completed
101067,1503,2026-01-22,phone,south,basic,4,19.99,79.96,completed
101068,1573,2026-06-29,store,south,enterprise,4,19.99,79.96,completed
101069,1440,2026-06-29,web,midwest,basic,1,79.99,79.99,completed
101070,1193,2026-04-21,store,south,basic,2,79.99,159.98,completed
101071,1714,2026-06-13,web,south,enterprise,1,19.99,19.99,completed
101072,1391,2026-03-14,store,south,premium,3,19.99,59.97,completed
101073,1025,2026-05-27,web,south,basic,1,19.99,19.99,completed
101074,1434,2026-02-07,phone,northeast,basic,2,49.99,99.98,cancelled
101075,1172,2026-03-11,web,west,premium,4,49.99,199.96,completed
101076,1299,2026-04-26,store,midwest,basic,3,49.99,149.97,completed
101077,1644,2026-03-20,web,northeast,premium,3,79.99,239.97,completed
101078,1325,2026-05-28,web,midwest,enterprise,3,29.99,89.97,completed
101079,1409,2026-01-09,phone,midwest,premium,3,19.99,59.97,completed
101080,1117,2026-02-01,web,northeast,basic,2,19.99,39.98,completed
101081,1786,2026-05-12,phone,south,premium,2,29.99,59.98,completed
101082,1723,2026-02-19,store,northeast,premium,2,19.99,39.98,completed
101083,1224,2026-03-23,web,midwest,premium,2,49.99,99.98,completed
101084,1531,2026-01-05,web,midwest,basic,4,49.99,199.96,completed
101085,1112,2026-05-28,web,south,premium,1,29.99,29.99,completed
101086,1139,2026-03-28,phone,northeast,premium,2,49.99,99.98,completed
101087,1558,2026-05-06,web,west,enterprise,1,29.99,29.99,completed
101088,1000,2026-03-16,web,midwest,premium,3,49.99,149.97,completed
101089,1089,2026-06-14,web,northeast,basic,4,19.99,79.96,completed
101090,1653,2026-01-22,web,south,premium,4,79.99,319.96,completed
101091,1319,2026-03-09,store,south,basic,1,49.99,49.99,completed
101092,1549,2026-02-13,web,west,premium,1,29.99,29.99,completed
101093,1138,2026-02-03,phone,midwest,basic,1,79.99,79.99,completed
101094,1510,2026-03-18,phone,west,basic,4,19.99,79.96,completed
101095,1258,2026-02-11,phone,west,premium,2,79.99,159.98,completed
101096,1672,2026-05-17,web,west,basic,4,29.99,119.96,completed
101097,1689,2026-04-16,phone,west,premium,2,19.99,39.98,completed
101098,1009,2026-04-05,store,south,premium,3,19.99,59.97,completed
101099,1260,2026-05-15,web,midwest,basic,2,49.99,99.98,completed
101100,1649,2026-03-09,web,west,basic,1,79.99,79.99,cancelled
101101,1171,2026-05-27,web,midwest,enterprise,2,49.99,99.98,completed
101102,1012,2026-06-08,web,south,basic,2,19.99,39.98,completed
101103,1167,2026-05-08,web,south,premium,4,49.99,199.96,completed
101104,1641,2026-06-12,phone,northeast,premium,1,49.99,49.99,completed
101105,1595,2026-03-26,web,northeast,enterprise,3,29.99,89.97,completed
101106,1320,2026-06-08,web,midwest,premium,2,49.99,99.98,completed
101107,1318,2026-03-24,phone,northeast,premium,3,19.99,59.97,completed
101108,1612,2026-04-05,web,west,enterprise,1,49.99,49.99,completed
101109,1328,2026-06-30,phone,midwest,premium,2,19.99,39.98,completed
101110,1784,2026-02-01,web,south,premium,4,19.99,79.96,completed
101111,1776,2026-03-07,store,south,basic,3,29.99,89.97,completed
101112,1549,2026-04-26,web,west,basic,4,19.99,79.96,refunded
101113,1418,2026-05-18,phone,northeast,premium,3,19.99,59.97,completed
101114,1605,2026-05-10,store,midwest,premium,1,29.99,29.99,completed
101115,1094,2026-03-01,web,midwest,basic,2,19.99,39.98,completed
101116,1580,2026-01-17,web,west,basic,3,29.99,89.97,completed
101117,1317,2026-04-06,phone,northeast,premium,4,79.99,319.96,completed
101118,1235,2026-05-24,web,midwest,basic,3,79.99,239.97,completed
101119,1333,2026-01-16,store,west,basic,3,79.99,239.97,cancelled
101120,1375,2026-02-15,store,midwest,basic,3,19.99,59.97,completed
101121,1458,2026-06-16,web,south,premium,3,49.99,149.97,completed
101122,1136,2026-06-08,web,midwest,basic,3,29.99,89.97,cancelled
101123,1587,2026-04-17,web,midwest,basic,3,79.99,239.97,completed
101124,1546,2026-03-29,web,midwest,basic,4,29.99,119.96,completed
101125,1512,2026-05-09,phone,northeast,basic,3,79.99,239.97,refunded
101126,1295,2026-05-19,phone,northeast,premium,3,79.99,239.97,completed
101127,1319,2026-04-29,web,west,premium,3,19.99,59.97,completed
101128,1571,2026-03-26,web,northeast,basic,2,29.99,59.98,completed
101129,1348,2026-01-04,web,midwest,basic,1,19.99,19.99,completed
101130,1778,2026-03-12,web,midwest,enterprise,1,29.99,29.99,completed
101131,1228,2026-06-03,store,northeast,basic,1,29.99,29.99,completed
101132,1269,2026-04-21,web,northeast,premium,4,49.99,199.96,completed
101133,1797,2026-02-19,store,midwest,basic,4,79.99,319.96,completed
101134,1290,2026-05-20,phone,midwest,basic,4,19.99,79.96,completed
101135,1724,2026-04-05,phone,south,basic,3,49.99,149.97,completed
101136,1164,2026-04-02,web,west,premium,1,29.99,29.99,completed
101137,1004,2026-03-06,phone,northeast,basic,3,79.99,239.97,completed
101138,1378,2026-02-16,phone,west,basic,2,19.99,39.98,completed
101139,1077,2026-06-30,phone,midwest,basic,1,49.99,49.99,completed
101140,1409,2026-04-16,web,west,basic,2,29.99,59.98,completed
101141,1573,2026-05-10,web,northeast,basic,2,49.99,99.98,cancelled
101142,1131,2026-04-16,phone,northeast,basic,3,29.99,89.97,completed
101143,1600,2026-01-24,web,west,basic,1,29.99,29.99,completed
101144,1748,2026-01-04,web,northeast,premium,2,79.99,159.98,refunded
101145,1041,2026-04-18,store,south,premium,1,19.99,19.99,completed
101146,1088,2026-01-19,web,midwest,basic,2,79.99,159.98,completed
101147,1401,2026-06-03,web,midwest,basic,2,19.99,39.98,completed
101148,1295,2026-02-09,web,northeast,premium,3,19.99,59.97,completed
101149,1294,2026-02-19,phone,midwest,basic,1,29.99,29.99,completed
101150,1615,2026-06-20,web,south,basic,3,49.99,149.97,completed
101151,1525,2026-03-16,phone,northeast,premium,3,19.99,59.97,completed
101152,1799,2026-01-12,web,south,enterprise,3,19.99,59.97,refunded
101153,1690,2026-01-27,web,south,basic,3,19.99,59.97,completed
101154,1636,2026-04-23,phone,midwest,basic,3,19.99,59.97,completed
101155,1421,2026-02-18,web,midwest,enterprise,2,29.99,59.98,completed
101156,1022,2026-05-24,store,west,basic,1,79.99,79.99,completed
101157,1574,2026-05-10,web,south,enterprise,1,49.99,49.99,completed
101158,1142,2026-03-01,web,midwest,basic,3,29.99,89.97,completed
101159,1664,2026-01-30,web,south,basic,1,29.99,29.99,cancelled
101160,1144,2026-03-25,web,west,premium,2,29.99,59.98,cancelled
101161,1224,2026-06-15,store,south,enterprise,3,19.99,59.97,completed
101162,1502,2026-01-28,store,northeast,enterprise,4,49.99,199.96,completed
101163,1615,2026-01-25,web,west,basic,4,29.99,119.96,completed
101164,1103,2026-04-06,phone,west,premium,2,29.99,59.98,completed
101165,1038,2026-05-05,phone,south,premium,2,29.99,59.98,completed
101166,1197,2026-01-10,web,south,premium,4,19.99,79.96,completed
101167,1645,2026-02-11,web,midwest,premium,3,19.99,59.97,cancelled
101168,1578,2026-02-09,store,northeast,basic,2,29.99,59.98,completed
101169,1390,2026-03-18,store,west,basic,4,19.99,79.96,completed
101170,1178,2026-04-15,store,west,enterprise,3,49.99,149.97,refunded
101171,1553,2026-04-28,phone,west,enterprise,2,19.99,39.98,completed
101172,1447,2026-02-11,phone,midwest,basic,1,29.99,29.99,completed
101173,1499,2026-02-16,web,northeast,basic,1,49.99,49.99,completed
101174,1014,2026-06-14,web,west,enterprise,1,19.99,19.99,completed
101175,1622,2026-01-22,web,west,basic,3,29.99,89.97,cancelled
101176,1668,2026-04-17,phone,midwest,premium,2,79.99,159.98,completed
101177,1288,2026-01-27,phone,south,basic,4,79.99,319.96,completed
101178,1477,2026-02-10,store,west,enterprise,2,49.99,99.98,completed
101179,1230,2026-03-21,store,northeast,basic,1,49.99,49.99,completed
101180,1419,2026-06-11,store,northeast,basic,1,49.99,49.99,completed
101181,1156,2026-06-09,store,northeast,basic,3,19.99,59.97,cancelled
101182,1549,2026-03-30,web,northeast,enterprise,4,49.99,199.96,completed
101183,1440,2026-03-07,phone,midwest,premium,3,19.99,59.97,refunded
101184,1096,2026-01-12,phone,west,premium,4,29.99,119.96,cancelled
101185,1410,2026-06-17,web,midwest,basic,2,19.99,39.98,completed
101186,1288,2026-03-14,store,northeast,enterprise,3,19.99,59.97,completed
101187,1253,2026-03-17,store,northeast,premium,3,29.99,89.97,completed
101188,1195,2026-03-31,web,northeast,premium,3,79.99,239.97,completed
101189,1597,2026-01-10,web,midwest,enterprise,1,19.99,19.99,completed
101190,1521,2026-04-06,phone,northeast,basic,1,19.99,19.99,completed
101191,1516,2026-06-25,phone,west,premium,4,29.99,119.96,completed
101192,1634,2026-01-20,store,northeast,enterprise,2,49.99,99.98,completed
101193,1117,2026-02-08,web,west,premium,3,29.99,89.97,completed
101194,1158,2026-03-01,web,west,premium,1,79.99,79.99,completed
101195,1227,2026-03-07,web,northeast,basic,3,49.99,149.97,completed
101196,1215,2026-03-06,web,midwest,premium,4,79.99,319.96,completed
101197,1695,2026-06-28,web,south,premium,4,19.99,79.96,completed
101198,1014,2026-05-04,store,south,basic,2,79.99,159.98,completed
101199,1156,2026-06-13,web,west,enterprise,4,79.99,319.96,completed
101200,1647,2026-06-01,web,midwest,basic,3,29.99,89.97,completed
101201,1260,2026-06-04,web,south,basic,2,49.99,99.98,completed
101202,1156,2026-05-10,web,northeast,premium,2,19.99,39.98,completed
101203,1046,2026-06-08,store,northeast,basic,1,19.99,19.99,completed
101204,1323,2026-02-26,phone,west,basic,3,19.99,59.97,completed
101205,1684,2026-03-19,phone,midwest,basic,4,49.99,199.96,completed
101206,1129,2026-01-29,web,midwest,basic,1,49.99,49.99,completed
101207,1410,2026-01-15,web,south,basic,3,79.99,239.97,completed
101208,1094,2026-01-12,web,south,basic,3,79.99,239.97,completed
101209,1626,2026-04-11,web,northeast,basic,2,49.99,99.98,completed
101210,1754,2026-06-05,store,west,basic,2,19.99,39.98,completed
101211,1291,2026-03-25,web,midwest,premium,3,49.99,149.97,completed
101212,1793,2026-05-05,phone,south,enterprise,1,29.99,29.99,completed
101213,1282,2026-04-13,web,south,premium,2,49.99,99.98,completed
101214,1068,2026-01-24,phone,west,premium,2,49.99,99.98,completed
101215,1659,2026-05-29,store,west,basic,3,19.99,59.97,completed
101216,1010,2026-05-18,phone,northeast,premium,3,79.99,239.97,completed
101217,1253,2026-04-20,phone,west,premium,2,29.99,59.98,completed
101218,1549,2026-03-19,store,northeast,basic,1,29.99,29.99,completed
101219,1133,2026-04-11,phone,northeast,basic,2,29.99,59.98,completed
101220,1711,2026-05-26,web,west,basic,3,49.99,149.97,completed
101221,1022,2026-05-22,web,west,premium,2,19.99,39.98,completed
101222,1345,2026-06-11,phone,west,basic,3,49.99,149.97,completed
101223,1301,2026-05-08,phone,west,enterprise,2,79.99,159.98,completed
101224,1362,2026-02-27,web,west,basic,3,19.99,59.97,completed
101225,1395,2026-03-17,web,northeast,basic,3,29.99,89.97,completed
101226,1217,2026-05-30,store,south,premium,1,49.99,49.99,completed
101227,1140,2026-02-05,web,midwest,enterprise,3,19.99,59.97,completed
101228,1615,2026-06-22,web,midwest,basic,2,49.99,99.98,completed
101229,1209,2026-06-13,web,northeast,premium,3,19.99,59.97,completed
101230,1622,2026-01-22,store,northeast,basic,4,29.99,119.96,completed
101231,1615,2026-05-07,web,south,premium,2,79.99,159.98,completed
101232,1682,2026-03-21,phone,west,premium,1,79.99,79.99,completed
101233,1459,2026-04-10,web,northeast,enterprise,2,49.99,99.98,completed
101234,1355,2026-04-06,phone,midwest,basic,1,29.99,29.99,cancelled
101235,1323,2026-06-10,store,west,basic,4,49.99,199.96,completed
101236,1132,2026-06-22,web,northeast,premium,1,49.99,49.99,completed
101237,1126,2026-06-13,web,west,basic,3,19.99,59.97,completed
101238,1105,2026-05-28,web,midwest,premium,4,19.99,79.96,completed
101239,1603,2026-01-18,web,west,premium,4,19.99,79.96,cancelled
101240,1798,2026-02-07,store,northeast,basic,1,29.99,29.99,completed
101241,1377,2026-05-31,web,northeast,premium,2,29.99,59.98,completed
101242,1050,2026-04-19,phone,midwest,basic,1,49.99,49.99,completed
101243,1028,2026-05-03,web,south,enterprise,1,19.99,19.99,completed
101244,1461,2026-05-24,web,south,premium,4,29.99,119.96,completed
101245,1295,2026-05-29,web,west,premium,3,49.99,149.97,completed
101246,1296,2026-04-14,phone,northeast,basic,2,29.99,59.98,completed
101247,1725,2026-05-20,web,northeast,enterprise,1,49.99,49.99,completed
101248,1778,2026-05-24,phone,midwest,premium,3,79.99,239.97,completed
101249,1406,2026-03-22,web,midwest,basic,3,19.99,59.97,completed
101250,1768,2026-03-28,web,northeast,basic,2,79.99,159.98,completed
101251,1612,2026-05-22,phone,midwest,basic,3,49.99,149.97,completed
101252,1404,2026-03-02,store,south,enterprise,1,49.99,49.99,completed
101253,1345,2026-02-15,web,south,enterprise,4,19.99,79.96,completed
101254,1621,2026-02-01,phone,west,enterprise,3,19.99,59.97,completed
101255,1419,2026-01-15,web,midwest,premium,4,49.99,199.96,completed
101256,1181,2026-02-13,phone,west,basic,2,29.99,59.98,completed
101257,1000,2026-05-25,store,midwest,basic,2,19.99,39.98,completed
101258,1566,2026-06-18,store,midwest,basic,3,49.99,149.97,completed
101259,1370,2026-02-23,phone,south,basic,4,19.99,79.96,completed
101260,1660,2026-02-13,web,northeast,premium,1,19.99,19.99,completed
101261,1430,2026-04-08,store,midwest,enterprise,4,79.99,319.96,completed
101262,1308,2026-01-05,web,midwest,enterprise,3,79.99,239.97,completed
101263,1136,2026-04-19,web,midwest,basic,4,29.99,119.96,completed
101264,1201,2026-01-27,web,northeast,premium,4,19.99,79.96,completed
101265,1435,2026-04-26,store,west,premium,2,49.99,99.98,completed
101266,1312,2026-03-28,store,west,basic,3,49.99,149.97,completed
101267,1116,2026-04-14,web,midwest,premium,4,19.99,79.96,completed
101268,1665,2026-05-03,phone,midwest,basic,3,19.99,59.97,completed
101269,1574,2026-03-20,store,west,enterprise,1,29.99,29.99,completed
101270,1243,2026-02-12,web,west,premium,3,29.99,89.97,completed
101271,1536,2026-04-07,web,south,premium,1,29.99,29.99,completed
101272,1601,2026-01-31,phone,midwest,basic,3,49.99,149.97,completed
101273,1074,2026-04-09,web,west,basic,3,79.99,239.97,completed
101274,1385,2026-01-17,web,south,basic,4,29.99,119.96,completed
101275,1209,2026-03-24,phone,northeast,premium,4,49.99,199.96,completed
101276,1474,2026-04-20,store,midwest,enterprise,1,29.99,29.99,completed
101277,1417,2026-02-01,phone,west,basic,1,49.99,49.99,completed
101278,1346,2026-06-17,phone,midwest,premium,2,19.99,39.98,completed
101279,1528,2026-05-21,web,south,basic,4,49.99,199.96,completed
101280,1639,2026-02-04,web,west,basic,1,19.99,19.99,completed
101281,1762,2026-05-13,phone,northeast,premium,4,49.99,199.96,completed
101282,1178,2026-01-29,web,northeast,premium,3,79.99,239.97,completed
101283,1181,2026-03-11,store,south,basic,2,49.99,99.98,completed
101284,1663,2026-06-02,web,northeast,basic,4,19.99,79.96,completed
101285,1024,2026-04-05,web,northeast,basic,4,79.99,319.96,completed
101286,1179,2026-01-22,web,northeast,basic,4,49.99,199.96,refunded
101287,1709,2026-06-22,store,northeast,enterprise,4,49.99,199.96,completed
101288,1500,2026-03-10,web,northeast,premium,1,29.99,29.99,completed
101289,1160,2026-03-30,web,northeast,basic,1,79.99,79.99,completed
101290,1176,2026-03-13,web,northeast,basic,2,19.99,39.98,completed
101291,1284,2026-05-09,store,west,enterprise,3,79.99,239.97,completed
101292,1062,2026-06-21,web,northeast,premium,3,19.99,59.97,cancelled
101293,1661,2026-03-28,web,west,premium,2,29.99,59.98,refunded
101294,1665,2026-04-06,web,midwest,basic,3,29.99,89.97,completed
101295,1155,2026-03-16,phone,south,enterprise,1,19.99,19.99,completed
101296,1468,2026-06-16,web,northeast,basic,4,19.99,79.96,completed
101297,1048,2026-02-23,web,south,premium,3,19.99,59.97,completed
101298,1083,2026-03-29,web,northeast,enterprise,4,29.99,119.96,completed
101299,1360,2026-06-06,phone,west,basic,4,79.99,319.96,refunded
101300,1688,2026-02-23,phone,northeast,basic,1,29.99,29.99,completed
101301,1147,2026-01-16,web,midwest,basic,4,49.99,199.96,cancelled
101302,1629,2026-04-09,store,south,basic,3,29.99,89.97,completed
101303,1341,2026-01-20,store,south,basic,1,49.99,49.99,completed
101304,1475,2026-02-15,web,midwest,enterprise,2,49.99,99.98,refunded
101305,1062,2026-05-07,phone,west,basic,1,29.99,29.99,completed
101306,1700,2026-02-27,phone,west,premium,3,29.99,89.97,completed
101307,1359,2026-06-30,store,midwest,enterprise,1,29.99,29.99,completed
101308,1560,2026-04-21,web,south,enterprise,3,79.99,239.97,completed
101309,1326,2026-05-09,web,northeast,premium,3,29.99,89.97,completed
101310,1768,2026-03-22,web,west,basic,1,19.99,19.99,completed
101311,1735,2026-06-06,store,northeast,basic,3,29.99,89.97,completed
101312,1140,2026-03-25,web,south,basic,2,49.99,99.98,completed
101313,1214,2026-03-11,web,northeast,premium,3,79.99,239.97,completed
101314,1434,2026-01-08,web,midwest,basic,2,79.99,159.98,completed
101315,1722,2026-01-29,web,west,basic,2,49.99,99.98,completed
101316,1317,2026-04-22,phone,west,basic,3,79.99,239.97,completed
101317,1031,2026-06-28,web,midwest,premium,4,79.99,319.96,completed
101318,1669,2026-06-10,web,midwest,basic,2,19.99,39.98,completed
101319,1284,2026-05-11,store,west,basic,2,19.99,39.98,completed
101320,1304,2026-06-12,web,west,basic,1,79.99,79.99,completed
101321,1428,2026-04-18,phone,west,premium,2,29.99,59.98,completed
101322,1476,2026-04-19,web,south,premium,2,79.99,159.98,completed
101323,1285,2026-01-20,web,south,basic,2,19.99,39.98,completed
101324,1143,2026-03-14,store,south,premium,2,79.99,159.98,completed
101325,1423,2026-06-16,phone,northeast,basic,4,29.99,119.96,cancelled
101326,1018,2026-01-04,web,south,basic,2,29.99,59.98,cancelled
101327,1017,2026-01-19,store,west,basic,3,19.99,59.97,completed
101328,1768,2026-04-12,store,south,premium,4,79.99,319.96,completed
101329,1589,2026-06-22,store,west,premium,2,19.99,39.98,cancelled
101330,1370,2026-06-20,web,midwest,basic,3,49.99,149.97,completed
101331,1174,2026-05-21,web,northeast,premium,3,19.99,59.97,completed
101332,1193,2026-05-21,phone,northeast,basic,4,19.99,79.96,completed
101333,1501,2026-03-27,phone,midwest,enterprise,4,19.99,79.96,refunded
101334,1112,2026-02-21,web,west,premium,3,79.99,239.97,completed
101335,1113,2026-04-21,phone,northeast,premium,4,49.99,199.96,completed
101336,1221,2026-06-30,web,south,premium,4,79.99,319.96,completed
101337,1677,2026-04-19,web,west,enterprise,1,29.99,29.99,cancelled
101338,1643,2026-03-27,web,northeast,enterprise,4,49.99,199.96,completed
101339,1263,2026-02-12,phone,midwest,premium,1,19.99,19.99,completed
101340,1054,2026-02-11,web,west,basic,4,19.99,79.96,completed
101341,1642,2026-03-31,store,northeast,basic,4,19.99,79.96,completed
101342,1799,2026-04-25,phone,midwest,basic,3,79.99,239.97,completed
101343,1777,2026-01-26,phone,west,premium,1,29.99,29.99,completed
101344,1457,2026-05-31,store,south,basic,4,49.99,199.96,completed
101345,1161,2026-02-12,phone,west,enterprise,2,49.99,99.98,completed
101346,1379,2026-03-18,store,south,basic,4,79.99,319.96,completed
101347,1086,2026-06-05,web,west,premium,3,29.99,89.97,completed
101348,1054,2026-05-17,web,midwest,basic,3,49.99,149.97,completed
101349,1475,2026-01-20,web,south,premium,3,79.99,239.97,completed
101350,1799,2026-02-08,web,south,basic,1,29.99,29.99,completed
101351,1177,2026-06-28,store,west,premium,1,29.99,29.99,completed
101352,1390,2026-01-12,web,northeast,basic,1,49.99,49.99,completed
101353,1348,2026-01-11,web,south,basic,2,49.99,99.98,completed
101354,1007,2026-06-03,phone,west,enterprise,1,29.99,29.99,completed
101355,1312,2026-02-11,phone,midwest,basic,3,49.99,149.97,completed
101356,1758,2026-06-04,web,west,basic,1,79.99,79.99,completed
101357,1442,2026-01-11,phone,west,basic,1,29.99,29.99,cancelled
101358,1766,2026-02-07,web,south,enterprise,4,49.99,199.96,completed
101359,1327,2026-04-08,web,northeast,basic,1,49.99,49.99,completed
101360,1053,2026-06-20,phone,midwest,premium,4,79.99,319.96,completed
101361,1760,2026-01-19,phone,south,basic,1,49.99,49.99,completed
101362,1238,2026-05-14,web,south,basic,4,49.99,199.96,completed
101363,1228,2026-06-23,store,south,enterprise,3,49.99,149.97,completed
101364,1578,2026-04-26,web,midwest,basic,1,19.99,19.99,completed
101365,1050,2026-04-23,web,northeast,premium,3,79.99,239.97,completed
101366,1608,2026-06-19,web,midwest,basic,1,79.99,79.99,completed
101367,1603,2026-03-06,phone,midwest,basic,2,19.99,39.98,completed
101368,1263,2026-04-09,phone,northeast,premium,2,79.99,159.98,completed
101369,1417,2026-03-13,web,midwest,premium,3,49.99,149.97,completed
101370,1095,2026-02-21,web,west,premium,3,49.99,149.97,completed
101371,1087,2026-04-28,phone,midwest,premium,2,49.99,99.98,completed
101372,1077,2026-06-24,web,south,basic,2,79.99,159.98,completed
101373,1287,2026-04-30,web,midwest,basic,4,79.99,319.96,completed
101374,1119,2026-01-07,phone,south,basic,1,29.99,29.99,completed
101375,1490,2026-01-11,web,midwest,premium,2,19.99,39.98,refunded
101376,1451,2026-04-13,store,south,premium,3,79.99,239.97,completed
101377,1499,2026-03-02,web,south,basic,3,29.99,89.97,completed
101378,1164,2026-03-09,phone,south,basic,2,19.99,39.98,completed
101379,1181,2026-06-02,web,northeast,basic,3,19.99,59.97,completed
101380,1468,2026-05-20,store,midwest,enterprise,1,49.99,49.99,completed
101381,1734,2026-06-03,web,midwest,premium,4,49.99,199.96,completed
101382,1006,2026-04-12,phone,west,basic,1,29.99,29.99,completed
101383,1329,2026-04-20,phone,west,basic,4,29.99,119.96,completed
101384,1774,2026-05-20,web,west,basic,4,49.99,199.96,completed
101385,1672,2026-06-20,web,midwest,premium,2,49.99,99.98,completed
101386,1150,2026-02-20,phone,northeast,premium,3,19.99,59.97,completed
101387,1084,2026-04-27,store,south,basic,4,19.99,79.96,completed
101388,1146,2026-06-14,web,midwest,enterprise,2,79.99,159.98,cancelled
101389,1623,2026-02-15,web,northeast,premium,3,49.99,149.97,completed
101390,1380,2026-02-22,store,northeast,basic,3,19.99,59.97,completed
101391,1547,2026-03-29,web,midwest,premium,4,29.99,119.96,completed
101392,1284,2026-05-01,store,south,basic,3,19.99,59.97,completed
101393,1699,2026-01-13,phone,northeast,enterprise,1,49.99,49.99,completed
101394,1081,2026-03-30,phone,midwest,basic,3,19.99,59.97,completed
101395,1513,2026-05-05,web,south,basic,1,49.99,49.99,completed
101396,1708,2026-04-28,web,west,premium,3,19.99,59.97,completed
101397,1522,2026-02-23,phone,northeast,premium,4,79.99,319.96,completed
101398,1745,2026-04-26,store,northeast,basic,4,79.99,319.96,completed
101399,1385,2026-04-28,store,midwest,enterprise,2,29.99,59.98,completed
101400,1706,2026-01-04,web,midwest,basic,1,29.99,29.99,completed
101401,1470,2026-03-16,web,south,basic,1,49.99,49.99,completed
101402,1118,2026-02-18,web,west,enterprise,4,49.99,199.96,completed
101403,1395,2026-01-07,store,west,basic,4,49.99,199.96,refunded
101404,1531,2026-04-20,web,midwest,basic,4,19.99,79.96,completed
101405,1260,2026-05-02,web,midwest,premium,1,19.99,19.99,completed
101406,1255,2026-01-11,web,south,basic,2,19.99,39.98,completed
101407,1733,2026-04-02,web,midwest,enterprise,1,29.99,29.99,completed
101408,1225,2026-06-22,store,south,basic,4,49.99,199.96,completed
101409,1052,2026-01-23,web,south,premium,2,19.99,39.98,completed
101410,1499,2026-01-28,web,west,basic,3,29.99,89.97,refunded
101411,1505,2026-04-21,web,south,basic,3,79.99,239.97,completed
101412,1363,2026-02-26,web,west,premium,4,49.99,199.96,completed
101413,1279,2026-01-26,web,west,premium,2,79.99,159.98,completed
101414,1592,2026-06-02,web,west,premium,4,29.99,119.96,completed
101415,1713,2026-02-23,phone,midwest,basic,1,49.99,49.99,completed
101416,1157,2026-01-29,web,west,premium,1,19.99,19.99,refunded
101417,1631,2026-04-07,web,south,basic,2,29.99,59.98,completed
101418,1058,2026-06-13,web,midwest,premium,4,79.99,319.96,completed
101419,1726,2026-01-14,phone,south,premium,4,79.99,319.96,completed
101420,1127,2026-03-19,phone,midwest,basic,3,79.99,239.97,refunded
101421,1735,2026-02-04,phone,south,premium,2,29.99,59.98,completed
101422,1720,2026-01-30,phone,northeast,basic,4,29.99,119.96,cancelled
101423,1114,2026-04-02,phone,northeast,premium,1,49.99,49.99,completed
101424,1208,2026-01-17,web,northeast,premium,4,49.99,199.96,completed
101425,1525,2026-06-07,store,south,basic,4,79.99,319.96,completed
101426,1520,2026-04-03,web,midwest,enterprise,1,29.99,29.99,completed
101427,1551,2026-06-22,web,west,basic,1,49.99,49.99,completed
101428,1236,2026-03-20,phone,west,enterprise,4,29.99,119.96,completed
101429,1280,2026-04-20,web,south,basic,1,19.99,19.99,completed
101430,1358,2026-06-28,store,south,enterprise,3,29.99,89.97,cancelled
101431,1200,2026-04-12,web,south,basic,3,79.99,239.97,completed
101432,1757,2026-04-16,store,south,basic,3,29.99,89.97,refunded
101433,1277,2026-02-16,store,west,enterprise,1,79.99,79.99,completed
101434,1234,2026-06-30,store,midwest,basic,1,49.99,49.99,completed
101435,1493,2026-03-05,store,west,basic,1,49.99,49.99,cancelled
101436,1003,2026-06-15,store,south,premium,2,49.99,99.98,completed
101437,1665,2026-03-05,phone,northeast,premium,1,19.99,19.99,completed
101438,1441,2026-03-28,web,west,premium,3,79.99,239.97,completed
101439,1028,2026-01-07,web,northeast,basic,3,19.99,59.97,completed
101440,1108,2026-01-22,phone,northeast,premium,3,19.99,59.97,completed
101441,1609,2026-03-22,store,south,basic,2,49.99,99.98,completed
101442,1726,2026-06-18,phone,west,enterprise,4,79.99,319.96,completed
101443,1074,2026-03-15,store,midwest,premium,3,29.99,89.97,completed
101444,1145,2026-05-18,store,west,premium,2,29.99,59.98,completed
101445,1127,2026-05-15,web,midwest,basic,4,79.99,319.96,completed
101446,1041,2026-05-05,web,midwest,enterprise,2,29.99,59.98,completed
101447,1355,2026-02-19,web,south,premium,2,49.99,99.98,completed
101448,1040,2026-02-21,web,midwest,enterprise,4,49.99,199.96,completed
101449,1033,2026-06-10,phone,west,basic,1,19.99,19.99,completed
101450,1016,2026-01-01,store,west,premium,1,49.99,49.99,completed
101451,1676,2026-06-30,phone,northeast,premium,3,29.99,89.97,completed
101452,1152,2026-06-11,web,midwest,basic,4,19.99,79.96,completed
101453,1377,2026-01-04,web,south,basic,3,79.99,239.97,completed
101454,1587,2026-05-25,web,south,basic,2,79.99,159.98,completed
101455,1598,2026-05-12,web,west,basic,1,19.99,19.99,completed
101456,1628,2026-06-20,web,midwest,basic,3,49.99,149.97,completed
101457,1341,2026-01-04,web,south,basic,3,19.99,59.97,completed
101458,1026,2026-01-01,web,midwest,premium,1,19.99,19.99,completed
101459,1286,2026-03-12,web,midwest,premium,2,49.99,99.98,cancelled
101460,1645,2026-06-27,store,northeast,basic,3,79.99,239.97,completed
101461,1730,2026-02-04,web,south,premium,3,19.99,59.97,completed
101462,1167,2026-01-08,web,northeast,enterprise,4,79.99,319.96,completed
101463,1609,2026-06-01,web,south,basic,4,29.99,119.96,completed
101464,1267,2026-02-05,web,midwest,basic,1,49.99,49.99,completed
101465,1748,2026-06-27,phone,south,premium,1,29.99,29.99,completed
101466,1454,2026-05-03,phone,west,premium,2,79.99,159.98,completed
101467,1684,2026-02-12,web,midwest,premium,2,29.99,59.98,completed
101468,1400,2026-01-27,phone,south,premium,3,29.99,89.97,completed
101469,1475,2026-02-01,web,northeast,basic,4,29.99,119.96,completed
101470,1701,2026-03-19,phone,northeast,premium,2,19.99,39.98,completed
101471,1633,2026-05-01,web,midwest,basic,3,19.99,59.97,completed
101472,1557,2026-05-26,web,northeast,basic,3,49.99,149.97,completed
101473,1575,2026-06-05,phone,midwest,basic,1,79.99,79.99,completed
101474,1129,2026-06-06,store,midwest,basic,4,79.99,319.96,completed
101475,1362,2026-01-16,phone,midwest,premium,3,49.99,149.97,completed
101476,1704,2026-04-09,web,south,premium,1,79.99,79.99,completed
101477,1692,2026-02-16,web,midwest,enterprise,3,79.99,239.97,completed
101478,1291,2026-01-31,store,northeast,basic,4,29.99,119.96,cancelled
101479,1370,2026-01-04,web,west,enterprise,3,29.99,89.97,completed
101480,1793,2026-06-14,web,south,premium,3,79.99,239.97,completed
101481,1028,2026-01-17,web,northeast,basic,2,49.99,99.98,cancelled
101482,1148,2026-02-08,web,midwest,enterprise,2,49.99,99.98,completed
101483,1778,2026-02-17,web,midwest,premium,1,79.99,79.99,completed
101484,1295,2026-06-23,web,west,basic,3,49.99,149.97,completed
101485,1010,2026-06-25,web,northeast,enterprise,1,49.99,49.99,completed
101486,1511,2026-02-08,store,south,premium,4,29.99,119.96,cancelled
101487,1675,2026-05-12,web,northeast,premium,1,49.99,49.99,completed
101488,1112,2026-01-30,web,midwest,enterprise,3,19.99,59.97,completed
101489,1186,2026-06-07,phone,south,basic,2,29.99,59.98,completed
101490,1743,2026-01-22,phone,midwest,premium,2,19.99,39.98,completed
101491,1226,2026-03-07,web,midwest,premium,1,79.99,79.99,completed
101492,1309,2026-04-18,store,northeast,basic,2,49.99,99.98,completed
101493,1097,2026-01-12,web,west,basic,3,19.99,59.97,completed
101494,1054,2026-02-05,store,midwest,premium,3,49.99,149.97,completed
101495,1622,2026-01-18,web,northeast,basic,4,19.99,79.96,completed
101496,1663,2026-03-31,web,south,premium,2,29.99,59.98,completed
101497,1757,2026-06-30,store,west,enterprise,2,79.99,159.98,completed
101498,1405,2026-01-01,phone,midwest,basic,4,19.99,79.96,completed
101499,1068,2026-05-07,web,midwest,basic,1,29.99,29.99,completed
101500,1311,2026-03-31,web,south,basic,4,79.99,319.96,completed
101501,1288,2026-03-28,web,northeast,premium,2,19.99,39.98,completed
101502,1761,2026-03-31,phone,midwest,enterprise,1,19.99,19.99,completed
101503,1547,2026-05-14,web,south,premium,3,29.99,89.97,completed
101504,1750,2026-03-11,web,midwest,basic,3,79.99,239.97,completed
101505,1147,2026-02-13,web,northeast,premium,4,79.99,319.96,completed
101506,1466,2026-06-01,phone,west,premium,3,29.99,89.97,completed
101507,1738,2026-03-27,store,northeast,basic,2,49.99,99.98,completed
101508,1243,2026-01-19,phone,northeast,premium,4,29.99,119.96,completed
101509,1490,2026-04-11,web,northeast,basic,2,79.99,159.98,completed
101510,1506,2026-05-26,store,south,premium,2,29.99,59.98,completed
101511,1364,2026-04-05,phone,midwest,basic,1,49.99,49.99,cancelled
101512,1481,2026-04-11,store,west,basic,1,29.99,29.99,completed
101513,1200,2026-01-30,web,south,enterprise,1,29.99,29.99,completed
101514,1153,2026-06-19,web,northeast,premium,3,19.99,59.97,cancelled
101515,1449,2026-02-02,phone,west,basic,1,49.99,49.99,completed
101516,1500,2026-01-12,web,northeast,enterprise,2,79.99,159.98,completed
101517,1072,2026-04-28,web,northeast,premium,4,49.99,199.96,completed
101518,1712,2026-04-04,store,northeast,basic,4,79.99,319.96,completed
101519,1295,2026-06-04,store,west,premium,2,79.99,159.98,completed
101520,1016,2026-06-16,store,midwest,enterprise,3,19.99,59.97,completed
101521,1640,2026-05-17,phone,northeast,premium,4,49.99,199.96,completed
101522,1216,2026-05-29,web,midwest,basic,2,19.99,39.98,completed
101523,1060,2026-03-17,web,west,premium,2,29.99,59.98,completed
101524,1615,2026-01-29,web,west,premium,2,49.99,99.98,completed
101525,1041,2026-06-10,web,northeast,premium,4,29.99,119.96,completed
101526,1024,2026-04-27,web,midwest,basic,4,49.99,199.96,completed
101527,1038,2026-01-15,web,midwest,premium,1,79.99,79.99,completed
101528,1130,2026-01-02,phone,northeast,basic,1,29.99,29.99,completed
101529,1497,2026-06-29,phone,south,premium,2,49.99,99.98,completed
101530,1228,2026-04-27,store,south,enterprise,2,49.99,99.98,completed
101531,1107,2026-06-21,phone,west,basic,2,29.99,59.98,completed
101532,1171,2026-01-18,phone,west,basic,2,19.99,39.98,completed
101533,1434,2026-01-03,phone,south,premium,4,49.99,199.96,completed
101534,1477,2026-05-15,store,south,premium,1,19.99,19.99,completed
101535,1101,2026-06-20,phone,south,basic,3,19.99,59.97,completed
101536,1523,2026-06-15,store,northeast,premium,2,19.99,39.98,completed
101537,1274,2026-06-14,store,northeast,enterprise,1,19.99,19.99,completed
101538,1612,2026-06-10,store,northeast,premium,2,19.99,39.98,completed
101539,1043,2026-04-18,web,northeast,premium,4,79.99,319.96,refunded
101540,1016,2026-04-05,web,northeast,basic,3,19.99,59.97,completed
101541,1329,2026-05-02,web,northeast,enterprise,1,79.99,79.99,completed
101542,1568,2026-01-11,web,west,basic,1,49.99,49.99,cancelled
101543,1496,2026-03-09,web,midwest,basic,3,79.99,239.97,completed
101544,1011,2026-05-03,web,west,basic,4,79.99,319.96,completed
101545,1317,2026-04-23,web,midwest,premium,3,19.99,59.97,completed
101546,1591,2026-04-08,web,west,enterprise,1,49.99,49.99,completed
101547,1215,2026-04-03,phone,west,basic,3,49.99,149.97,completed
101548,1338,2026-01-22,web,northeast,premium,4,49.99,199.96,completed
101549,1775,2026-06-21,phone,northeast,premium,4,29.99,119.96,completed
101550,1660,2026-05-07,phone,midwest,premium,2,79.99,159.98,cancelled
101551,1080,2026-05-14,phone,midwest,premium,3,19.99,59.97,refunded
101552,1726,2026-06-19,store,northeast,basic,3,29.99,89.97,completed
101553,1484,2026-01-25,web,west,basic,1,19.99,19.99,completed
101554,1373,2026-03-26,web,midwest,enterprise,4,29.99,119.96,completed
101555,1709,2026-02-24,web,south,basic,3,49.99,149.97,completed
101556,1199,2026-05-24,web,south,basic,1,29.99,29.99,completed
101557,1536,2026-04-05,phone,south,premium,2,49.99,99.98,completed
101558,1465,2026-05-22,web,midwest,enterprise,3,29.99,89.97,completed
101559,1088,2026-06-16,web,northeast,premium,3,19.99,59.97,cancelled
101560,1267,2026-06-05,web,northeast,basic,1,19.99,19.99,completed
101561,1654,2026-06-28,web,northeast,basic,1,29.99,29.99,completed
101562,1570,2026-04-29,phone,midwest,premium,4,79.99,319.96,completed
101563,1488,2026-06-26,phone,midwest,basic,4,79.99,319.96,completed
101564,1537,2026-01-09,web,south,basic,4,29.99,119.96,completed
101565,1046,2026-06-22,web,midwest,basic,3,79.99,239.97,completed
101566,1287,2026-05-30,web,south,premium,1,19.99,19.99,cancelled
101567,1777,2026-06-09,web,south,basic,4,79.99,319.96,completed
101568,1015,2026-02-11,store,northeast,basic,3,29.99,89.97,cancelled
101569,1710,2026-02-22,web,midwest,basic,4,79.99,319.96,completed
101570,1400,2026-03-15,phone,northeast,basic,2,29.99,59.98,completed
101571,1793,2026-02-08,store,northeast,basic,3,19.99,59.97,completed
101572,1085,2026-05-02,web,midwest,premium,4,49.99,199.96,completed
101573,1249,2026-01-15,web,midwest,premium,4,19.99,79.96,completed
101574,1390,2026-06-06,store,west,basic,2,19.99,39.98,completed
101575,1781,2026-05-03,store,south,basic,2,29.99,59.98,completed
101576,1334,2026-04-21,web,west,basic,4,19.99,79.96,completed
101577,1628,2026-05-11,phone,south,basic,4,19.99,79.96,completed
101578,1518,2026-03-24,store,south,basic,1,79.99,79.99,completed
101579,1136,2026-01-10,web,south,basic,4,29.99,119.96,completed
101580,1687,2026-04-02,store,northeast,basic,4,79.99,319.96,completed
101581,1497,2026-01-29,web,northeast,enterprise,1,29.99,29.99,completed
101582,1726,2026-02-04,web,midwest,basic,1,79.99,79.99,completed
101583,1476,2026-01-06,store,south,enterprise,4,79.99,319.96,cancelled
101584,1593,2026-05-20,store,south,basic,1,49.99,49.99,completed
101585,1222,2026-04-21,web,south,basic,3,19.99,59.97,refunded
101586,1371,2026-02-07,web,northeast,premium,2,79.99,159.98,completed
101587,1401,2026-03-18,phone,midwest,basic,3,49.99,149.97,completed
101588,1442,2026-04-03,phone,northeast,basic,2,79.99,159.98,completed
101589,1489,2026-05-27,phone,west,enterprise,2,79.99,159.98,completed
101590,1614,2026-03-08,store,west,premium,4,49.99,199.96,completed
101591,1272,2026-05-16,store,west,basic,2,49.99,99.98,refunded
101592,1525,2026-01-08,web,midwest,basic,3,49.99,149.97,completed
101593,1158,2026-05-02,web,west,enterprise,4,19.99,79.96,completed
101594,1151,2026-03-25,web,midwest,enterprise,1,19.99,19.99,completed
101595,1619,2026-06-24,phone,northeast,basic,3,79.99,239.97,completed
101596,1187,2026-05-12,phone,northeast,basic,4,19.99,79.96,refunded
101597,1097,2026-06-28,web,midwest,premium,2,49.99,99.98,completed
101598,1130,2026-03-26,web,northeast,basic,3,29.99,89.97,completed
101599,1170,2026-02-14,web,northeast,basic,2,19.99,39.98,completed
101600,1182,2026-05-16,web,midwest,premium,4,49.99,199.96,completed
101601,1363,2026-03-28,web,west,basic,4,49.99,199.96,completed
101602,1038,2026-01-16,web,midwest,premium,1,49.99,49.99,cancelled
101603,1526,2026-03-18,web,south,enterprise,1,49.99,49.99,refunded
101604,1496,2026-01-09,web,northeast,premium,3,79.99,239.97,completed
101605,1515,2026-03-01,phone,midwest,basic,1,49.99,49.99,completed
101606,1348,2026-03-19,web,northeast,basic,2,49.99,99.98,completed
101607,1396,2026-03-18,store,west,basic,2,79.99,159.98,completed
101608,1721,2026-03-12,phone,northeast,basic,1,19.99,19.99,completed
101609,1160,2026-01-15,phone,midwest,basic,1,29.99,29.99,completed
101610,1015,2026-03-12,phone,west,basic,1,79.99,79.99,completed
101611,1492,2026-04-12,web,west,basic,3,79.99,239.97,completed
101612,1425,2026-06-18,web,west,basic,3,19.99,59.97,completed
101613,1107,2026-01-22,store,south,basic,2,19.99,39.98,completed
101614,1449,2026-06-01,phone,midwest,premium,3,49.99,149.97,completed
101615,1310,2026-04-23,store,midwest,premium,3,19.99,59.97,completed
101616,1738,2026-06-21,phone,west,basic,4,29.99,119.96,completed
101617,1169,2026-01-01,web,northeast,premium,2,79.99,159.98,completed
101618,1545,2026-01-10,web,west,premium,2,29.99,59.98,completed
101619,1413,2026-04-20,phone,south,basic,1,49.99,49.99,completed
101620,1250,2026-04-23,web,west,basic,4,29.99,119.96,completed
101621,1758,2026-02-19,web,midwest,premium,1,49.99,49.99,completed
101622,1780,2026-01-12,store,west,basic,3,29.99,89.97,completed
101623,1140,2026-03-30,web,northeast,basic,2,79.99,159.98,refunded
101624,1273,2026-06-03,web,midwest,enterprise,3,29.99,89.97,completed
101625,1415,2026-04-22,store,northeast,basic,3,19.99,59.97,completed
101626,1607,2026-03-19,store,west,premium,4,29.99,119.96,completed
101627,1738,2026-06-18,web,midwest,basic,4,79.99,319.96,completed
101628,1038,2026-06-13,store,south,basic,2,49.99,99.98,completed
101629,1028,2026-05-01,store,midwest,basic,2,29.99,59.98,completed
101630,1476,2026-01-23,web,northeast,premium,4,29.99,119.96,completed
101631,1317,2026-06-20,web,midwest,basic,4,19.99,79.96,completed
101632,1244,2026-05-14,web,south,basic,4,49.99,199.96,completed
101633,1747,2026-06-20,web,south,enterprise,4,49.99,199.96,completed
101634,1696,2026-01-25,web,south,basic,2,49.99,99.98,completed
101635,1271,2026-01-18,store,south,basic,2,79.99,159.98,completed
101636,1439,2026-05-21,phone,northeast,basic,3,79.99,239.97,completed
101637,1747,2026-02-12,phone,midwest,premium,3,19.99,59.97,completed
101638,1238,2026-03-19,store,west,basic,3,29.99,89.97,cancelled
101639,1376,2026-01-28,store,south,basic,2,79.99,159.98,completed
101640,1265,2026-05-26,web,west,basic,1,49.99,49.99,completed
101641,1358,2026-02-28,web,west,basic,3,29.99,89.97,completed
101642,1339,2026-03-04,phone,midwest,premium,1,29.99,29.99,completed
101643,1388,2026-04-02,web,west,premium,1,29.99,29.99,completed
101644,1576,2026-06-28,web,west,basic,1,19.99,19.99,completed
101645,1688,2026-02-25,phone,northeast,basic,4,79.99,319.96,completed
101646,1002,2026-06-04,store,west,basic,2,79.99,159.98,completed
101647,1428,2026-06-09,web,midwest,premium,2,29.99,59.98,completed
101648,1141,2026-04-21,phone,west,basic,3,19.99,59.97,completed
101649,1375,2026-05-17,web,midwest,basic,3,19.99,59.97,completed
101650,1669,2026-03-09,phone,south,enterprise,2,79.99,159.98,completed
101651,1323,2026-02-15,web,west,basic,4,79.99,319.96,completed
101652,1145,2026-03-08,store,west,enterprise,2,19.99,39.98,completed
101653,1292,2026-06-03,web,west,basic,1,49.99,49.99,completed
101654,1664,2026-05-16,phone,south,basic,2,19.99,39.98,completed
101655,1431,2026-01-06,web,northeast,basic,4,49.99,199.96,completed
101656,1704,2026-01-24,web,west,basic,2,79.99,159.98,completed
101657,1584,2026-06-25,web,midwest,basic,2,19.99,39.98,cancelled
101658,1398,2026-04-04,web,northeast,basic,2,19.99,39.98,completed
101659,1343,2026-06-22,web,northeast,enterprise,1,19.99,19.99,cancelled
101660,1139,2026-01-13,web,northeast,basic,3,19.99,59.97,completed
101661,1186,2026-01-25,phone,west,premium,4,29.99,119.96,completed
101662,1060,2026-05-28,phone,south,premium,1,29.99,29.99,completed
101663,1379,2026-04-28,web,south,premium,2,79.99,159.98,completed
101664,1709,2026-03-23,phone,west,premium,2,79.99,159.98,refunded
101665,1439,2026-04-21,web,midwest,basic,3,19.99,59.97,completed
101666,1318,2026-03-23,web,midwest,basic,3,29.99,89.97,completed
101667,1301,2026-03-07,web,midwest,basic,3,79.99,239.97,completed
101668,1343,2026-02-14,phone,west,basic,1,49.99,49.99,completed
101669,1010,2026-04-24,web,south,basic,4,29.99,119.96,completed
101670,1061,2026-06-24,store,west,basic,3,29.99,89.97,cancelled
101671,1225,2026-03-04,web,south,enterprise,2,29.99,59.98,completed
101672,1152,2026-03-17,web,northeast,enterprise,4,19.99,79.96,completed
101673,1710,2026-04-24,web,west,basic,2,49.99,99.98,completed
101674,1563,2026-04-21,store,south,basic,2,19.99,39.98,completed
101675,1771,2026-05-27,phone,northeast,basic,4,79.99,319.96,completed
101676,1570,2026-02-04,phone,northeast,basic,1,49.99,49.99,completed
101677,1583,2026-02-22,store,west,basic,4,19.99,79.96,completed
101678,1659,2026-01-26,store,south,enterprise,3,29.99,89.97,completed
101679,1574,2026-01-14,phone,northeast,basic,4,49.99,199.96,cancelled
101680,1309,2026-04-28,web,west,basic,3,29.99,89.97,completed
101681,1242,2026-02-14,store,northeast,basic,3,79.99,239.97,completed
101682,1492,2026-06-21,web,midwest,enterprise,4,49.99,199.96,completed
101683,1365,2026-02-20,phone,west,enterprise,4,79.99,319.96,completed
101684,1329,2026-06-20,phone,northeast,premium,3,79.99,239.97,completed
101685,1106,2026-04-29,phone,west,basic,2,79.99,159.98,completed
101686,1225,2026-05-31,web,west,basic,4,49.99,199.96,completed
101687,1217,2026-01-19,phone,south,basic,1,79.99,79.99,completed
101688,1752,2026-03-23,store,south,basic,3,19.99,59.97,completed
101689,1505,2026-03-17,web,northeast,premium,2,19.99,39.98,completed
101690,1258,2026-04-02,web,west,basic,4,79.99,319.96,cancelled
101691,1773,2026-02-02,phone,west,basic,4,29.99,119.96,completed
101692,1516,2026-05-27,store,midwest,premium,2,79.99,159.98,completed
101693,1772,2026-01-28,web,west,basic,1,79.99,79.99,cancelled
101694,1053,2026-05-03,web,south,premium,3,29.99,89.97,cancelled
101695,1046,2026-06-29,web,west,basic,4,49.99,199.96,completed
101696,1726,2026-05-06,web,south,basic,1,49.99,49.99,completed
101697,1688,2026-06-26,store,midwest,basic,3,79.99,239.97,completed
101698,1520,2026-02-06,phone,northeast,enterprise,1,19.99,19.99,completed
101699,1098,2026-06-03,phone,south,basic,3,19.99,59.97,completed
101700,1019,2026-04-09,web,northeast,basic,3,19.99,59.97,completed
101701,1752,2026-04-08,phone,northeast,basic,1,79.99,79.99,completed
101702,1572,2026-05-07,web,northeast,premium,3,19.99,59.97,completed
101703,1489,2026-06-17,web,northeast,premium,4,19.99,79.96,completed
101704,1418,2026-03-21,web,south,basic,4,49.99,199.96,completed
101705,1689,2026-02-07,web,midwest,basic,1,79.99,79.99,completed
101706,1061,2026-03-18,web,west,enterprise,1,49.99,49.99,completed
101707,1144,2026-05-06,web,south,premium,3,29.99,89.97,completed
101708,1215,2026-03-28,web,midwest,premium,3,49.99,149.97,cancelled
101709,1002,2026-02-23,web,west,basic,1,79.99,79.99,cancelled
101710,1159,2026-05-30,phone,northeast,basic,2,19.99,39.98,completed
101711,1738,2026-01-16,web,west,premium,1,79.99,79.99,completed
101712,1780,2026-01-28,store,west,premium,2,49.99,99.98,completed
101713,1119,2026-06-12,web,midwest,premium,2,79.99,159.98,completed
101714,1088,2026-06-22,phone,west,basic,1,79.99,79.99,completed
101715,1328,2026-02-15,store,northeast,premium,1,49.99,49.99,completed
101716,1579,2026-03-13,store,south,premium,1,49.99,49.99,completed
101717,1356,2026-03-26,store,south,enterprise,2,29.99,59.98,completed
101718,1609,2026-01-26,web,midwest,basic,4,29.99,119.96,cancelled
101719,1266,2026-03-26,web,northeast,premium,4,49.99,199.96,completed
101720,1616,2026-06-02,web,northeast,premium,1,79.99,79.99,completed
101721,1322,2026-03-06,web,west,enterprise,1,49.99,49.99,completed
101722,1634,2026-05-14,web,midwest,premium,3,19.99,59.97,completed
101723,1540,2026-05-31,store,northeast,enterprise,3,29.99,89.97,completed
101724,1648,2026-04-25,phone,northeast,enterprise,3,19.99,59.97,cancelled
101725,1194,2026-03-05,phone,northeast,basic,1,79.99,79.99,completed
101726,1737,2026-03-28,store,south,premium,4,19.99,79.96,completed
101727,1331,2026-06-20,phone,south,premium,4,49.99,199.96,completed
101728,1169,2026-04-17,phone,south,basic,1,49.99,49.99,completed
101729,1520,2026-05-31,phone,west,basic,1,49.99,49.99,completed
101730,1462,2026-04-06,web,west,basic,2,19.99,39.98,completed
101731,1039,2026-06-07,web,west,premium,2,19.99,39.98,completed
101732,1536,2026-03-18,store,northeast,basic,4,19.99,79.96,completed
101733,1260,2026-05-26,store,south,enterprise,3,49.99,149.97,completed
101734,1394,2026-03-28,store,northeast,premium,4,49.99,199.96,completed
101735,1225,2026-05-29,web,northeast,premium,2,49.99,99.98,completed
101736,1123,2026-02-26,store,midwest,basic,4,19.99,79.96,completed
101737,1037,2026-04-13,web,northeast,basic,2,19.99,39.98,completed
101738,1327,2026-05-31,web,west,basic,2,79.99,159.98,refunded
101739,1250,2026-04-01,web,south,basic,3,29.99,89.97,completed
101740,1175,2026-02-14,web,south,premium,3,49.99,149.97,completed
101741,1601,2026-06-21,web,northeast,premium,2,19.99,39.98,completed
101742,1453,2026-03-29,web,west,basic,1,29.99,29.99,completed
101743,1036,2026-04-25,web,west,premium,3,19.99,59.97,cancelled
101744,1315,2026-02-16,web,west,basic,2,19.99,39.98,completed
101745,1687,2026-06-17,phone,south,basic,1,49.99,49.99,completed
101746,1795,2026-06-28,phone,west,premium,1,29.99,29.99,completed
101747,1592,2026-06-19,web,west,basic,4,19.99,79.96,completed
101748,1113,2026-05-15,web,northeast,premium,4,29.99,119.96,completed
101749,1039,2026-02-19,phone,midwest,premium,3,29.99,89.97,completed
101750,1300,2026-06-25,web,west,premium,1,49.99,49.99,completed
101751,1223,2026-03-25,web,northeast,basic,3,29.99,89.97,completed
101752,1317,2026-04-01,phone,northeast,basic,2,79.99,159.98,cancelled
101753,1348,2026-05-14,store,west,basic,3,79.99,239.97,completed
101754,1114,2026-04-01,web,midwest,enterprise,1,49.99,49.99,completed
101755,1697,2026-05-17,web,south,basic,4,49.99,199.96,completed
101756,1322,2026-04-19,web,midwest,basic,3,79.99,239.97,completed
101757,1567,2026-02-26,phone,west,enterprise,4,49.99,199.96,completed
101758,1039,2026-01-31,web,midwest,premium,3,29.99,89.97,completed
101759,1039,2026-01-21,web,northeast,premium,2,19.99,39.98,completed
101760,1748,2026-03-31,web,northeast,enterprise,1,49.99,49.99,completed
101761,1288,2026-02-09,store,midwest,basic,3,79.99,239.97,completed
101762,1261,2026-04-22,phone,south,basic,2,19.99,39.98,completed
101763,1215,2026-02-14,phone,midwest,basic,2,29.99,59.98,completed
101764,1146,2026-03-18,store,west,basic,2,19.99,39.98,completed
101765,1335,2026-06-26,web,south,premium,4,79.99,319.96,refunded
101766,1167,2026-03-28,store,midwest,basic,4,19.99,79.96,completed
101767,1091,2026-05-28,phone,midwest,premium,2,79.99,159.98,completed
101768,1352,2026-04-11,web,south,basic,2,49.99,99.98,completed
101769,1570,2026-04-27,store,midwest,basic,3,49.99,149.97,completed
101770,1570,2026-04-02,store,west,premium,3,79.99,239.97,completed
101771,1680,2026-05-25,store,northeast,basic,1,49.99,49.99,completed
101772,1780,2026-01-28,web,west,premium,3,29.99,89.97,cancelled
101773,1362,2026-06-18,store,midwest,enterprise,1,19.99,19.99,cancelled
101774,1556,2026-01-25,store,northeast,premium,1,79.99,79.99,completed
101775,1344,2026-02-27,web,south,basic,1,79.99,79.99,completed
101776,1692,2026-02-10,web,west,enterprise,4,79.99,319.96,completed
101777,1169,2026-05-14,web,south,basic,3,29.99,89.97,completed
101778,1355,2026-03-16,store,northeast,premium,2,29.99,59.98,completed
101779,1190,2026-02-07,phone,midwest,basic,1,29.99,29.99,completed
101780,1666,2026-05-14,web,northeast,basic,2,79.99,159.98,completed
101781,1421,2026-06-22,web,northeast,enterprise,1,29.99,29.99,completed
101782,1699,2026-03-16,web,south,basic,3,49.99,149.97,cancelled
101783,1006,2026-05-22,phone,west,premium,1,19.99,19.99,completed
101784,1132,2026-03-07,web,northeast,basic,3,49.99,149.97,completed
101785,1746,2026-06-17,store,midwest,premium,2,49.99,99.98,completed
101786,1556,2026-01-03,phone,northeast,enterprise,3,29.99,89.97,completed
101787,1760,2026-04-27,phone,south,basic,2,79.99,159.98,completed
101788,1030,2026-04-09,web,west,premium,3,49.99,149.97,completed
101789,1534,2026-06-01,web,midwest,premium,1,19.99,19.99,completed
101790,1425,2026-01-19,web,south,enterprise,1,29.99,29.99,completed
101791,1393,2026-05-26,web,northeast,basic,3,49.99,149.97,completed
101792,1671,2026-04-26,web,northeast,premium,2,29.99,59.98,completed
101793,1362,2026-05-05,store,west,basic,2,19.99,39.98,completed
101794,1436,2026-03-29,web,south,basic,2,29.99,59.98,completed
101795,1669,2026-02-04,web,south,basic,3,79.99,239.97,completed
101796,1550,2026-01-01,web,west,premium,3,49.99,149.97,completed
101797,1081,2026-06-02,web,midwest,enterprise,3,49.99,149.97,cancelled
101798,1355,2026-06-22,store,south,basic,3,79.99,239.97,cancelled
101799,1257,2026-06-26,web,west,premium,2,19.99,39.98,completed
101800,1717,2026-05-06,web,south,premium,2,19.99,39.98,completed
101801,1588,2026-03-30,phone,west,basic,4,29.99,119.96,completed
101802,1523,2026-05-24,web,northeast,enterprise,3,49.99,149.97,completed
101803,1294,2026-05-27,web,northeast,basic,4,19.99,79.96,completed
101804,1223,2026-05-31,web,south,basic,3,79.99,239.97,completed
101805,1524,2026-01-25,web,south,basic,4,79.99,319.96,completed
101806,1045,2026-01-16,web,northeast,enterprise,2,79.99,159.98,completed
101807,1666,2026-03-14,web,midwest,enterprise,2,19.99,39.98,completed
101808,1112,2026-05-09,store,west,basic,4,79.99,319.96,completed
101809,1232,2026-02-11,web,midwest,basic,1,49.99,49.99,completed
101810,1016,2026-05-27,phone,midwest,basic,3,19.99,59.97,cancelled
101811,1359,2026-06-11,phone,midwest,premium,4,19.99,79.96,completed
101812,1222,2026-03-21,web,northeast,premium,4,49.99,199.96,completed
101813,1699,2026-04-14,web,south,enterprise,1,79.99,79.99,completed
101814,1447,2026-05-26,web,midwest,premium,2,19.99,39.98,completed
101815,1364,2026-02-03,phone,northeast,enterprise,4,49.99,199.96,completed
101816,1674,2026-03-30,phone,west,premium,2,49.99,99.98,completed
101817,1325,2026-05-05,phone,south,basic,3,29.99,89.97,completed
101818,1466,2026-02-14,web,west,premium,1,79.99,79.99,completed
101819,1413,2026-05-14,store,midwest,basic,2,79.99,159.98,completed
101820,1454,2026-01-21,web,south,basic,4,49.99,199.96,completed
101821,1585,2026-05-02,web,midwest,basic,1,19.99,19.99,completed
101822,1232,2026-03-11,web,south,premium,1,29.99,29.99,completed
101823,1223,2026-04-06,web,midwest,premium,1,29.99,29.99,completed
101824,1411,2026-04-15,web,west,premium,1,19.99,19.99,completed
101825,1571,2026-02-17,phone,west,basic,1,29.99,29.99,completed
101826,1334,2026-02-08,store,midwest,premium,3,19.99,59.97,completed
101827,1221,2026-01-31,store,south,basic,3,29.99,89.97,completed
101828,1036,2026-01-10,web,west,premium,1,19.99,19.99,completed
101829,1277,2026-01-30,phone,south,basic,4,49.99,199.96,completed
101830,1195,2026-01-18,web,south,premium,4,49.99,199.96,completed
101831,1483,2026-03-29,web,west,premium,3,29.99,89.97,completed
101832,1241,2026-05-05,web,northeast,premium,2,29.99,59.98,completed
101833,1323,2026-03-14,web,northeast,premium,1,49.99,49.99,cancelled
101834,1730,2026-01-15,web,south,premium,4,79.99,319.96,completed
101835,1191,2026-01-04,web,west,basic,3,19.99,59.97,completed
101836,1016,2026-06-17,phone,northeast,premium,3,79.99,239.97,completed
101837,1523,2026-01-09,store,midwest,basic,2,29.99,59.98,completed
101838,1400,2026-04-19,web,south,basic,2,49.99,99.98,completed
101839,1704,2026-05-17,store,northeast,basic,4,29.99,119.96,completed
101840,1021,2026-06-03,phone,west,enterprise,2,79.99,159.98,cancelled
101841,1473,2026-05-12,web,west,basic,2,49.99,99.98,completed
101842,1119,2026-01-16,phone,south,basic,1,49.99,49.99,completed
101843,1209,2026-05-23,web,west,enterprise,3,49.99,149.97,completed
101844,1305,2026-04-09,store,midwest,premium,3,19.99,59.97,cancelled
101845,1269,2026-05-01,phone,midwest,basic,2,29.99,59.98,completed
101846,1703,2026-02-21,store,northeast,enterprise,3,79.99,239.97,completed
101847,1686,2026-03-10,phone,west,basic,3,19.99,59.97,completed
101848,1284,2026-01-05,store,midwest,premium,4,79.99,319.96,completed
101849,1715,2026-01-20,phone,south,premium,3,19.99,59.97,cancelled
101850,1675,2026-03-20,web,west,premium,2,49.99,99.98,completed
101851,1762,2026-05-26,web,northeast,premium,4,19.99,79.96,cancelled
101852,1226,2026-04-21,web,south,basic,3,29.99,89.97,completed
101853,1380,2026-01-02,web,south,basic,3,29.99,89.97,completed
101854,1459,2026-04-03,web,south,premium,4,79.99,319.96,completed
101855,1006,2026-01-13,store,midwest,basic,4,49.99,199.96,completed
101856,1028,2026-01-04,web,south,enterprise,3,49.99,149.97,completed
101857,1032,2026-06-19,store,midwest,basic,1,79.99,79.99,completed
101858,1645,2026-04-19,store,south,basic,1,29.99,29.99,completed
101859,1078,2026-03-15,phone,midwest,premium,3,29.99,89.97,completed
101860,1458,2026-04-05,store,west,basic,3,79.99,239.97,completed
101861,1569,2026-04-15,web,midwest,basic,4,49.99,199.96,completed
101862,1537,2026-01-08,store,midwest,basic,4,79.99,319.96,completed
101863,1481,2026-03-08,web,west,enterprise,3,79.99,239.97,completed
101864,1429,2026-04-20,web,south,basic,3,19.99,59.97,completed
101865,1737,2026-01-09,web,west,basic,3,79.99,239.97,completed
101866,1284,2026-04-27,web,south,basic,3,29.99,89.97,completed
101867,1515,2026-01-11,phone,midwest,basic,1,79.99,79.99,completed
101868,1098,2026-04-09,web,south,basic,4,49.99,199.96,cancelled
101869,1396,2026-02-11,web,midwest,premium,2,49.99,99.98,completed
101870,1488,2026-05-21,store,south,enterprise,3,29.99,89.97,completed
101871,1038,2026-06-13,phone,midwest,basic,3,49.99,149.97,completed
101872,1270,2026-04-30,web,midwest,premium,3,79.99,239.97,completed
101873,1796,2026-05-21,phone,northeast,enterprise,2,29.99,59.98,completed
101874,1156,2026-01-12,phone,south,basic,4,49.99,199.96,completed
101875,1074,2026-02-06,store,south,basic,4,79.99,319.96,completed
101876,1799,2026-03-15,web,northeast,enterprise,3,49.99,149.97,completed
101877,1129,2026-03-14,web,midwest,premium,3,19.99,59.97,completed
101878,1686,2026-02-21,web,midwest,basic,4,49.99,199.96,completed
101879,1083,2026-05-10,web,northeast,basic,2,29.99,59.98,completed
101880,1021,2026-02-25,store,northeast,basic,3,79.99,239.97,completed
101881,1458,2026-03-01,web,west,basic,2,79.99,159.98,completed
101882,1538,2026-01-23,store,midwest,premium,2,29.99,59.98,completed
101883,1706,2026-04-13,web,west,premium,4,19.99,79.96,completed
101884,1381,2026-02-09,store,south,premium,3,79.99,239.97,completed
101885,1747,2026-03-05,web,west,basic,1,29.99,29.99,completed
101886,1439,2026-03-26,store,northeast,basic,4,49.99,199.96,completed
101887,1603,2026-05-31,store,northeast,basic,4,19.99,79.96,cancelled
101888,1020,2026-06-06,store,northeast,premium,1,29.99,29.99,completed
101889,1302,2026-06-28,web,northeast,premium,3,49.99,149.97,completed
101890,1083,2026-03-30,web,west,basic,2,79.99,159.98,cancelled
101891,1773,2026-01-31,phone,west,basic,2,79.99,159.98,completed
101892,1658,2026-06-27,web,west,premium,2,19.99,39.98,completed
101893,1452,2026-01-20,web,northeast,premium,3,49.99,149.97,completed
101894,1386,2026-05-10,web,northeast,basic,4,29.99,119.96,completed
101895,1506,2026-06-02,web,midwest,basic,4,79.99,319.96,refunded
101896,1256,2026-01-13,web,midwest,basic,4,29.99,119.96,completed
101897,1569,2026-05-02,web,northeast,premium,4,29.99,119.96,completed
101898,1526,2026-04-13,web,midwest,premium,4,29.99,119.96,cancelled
101899,1161,2026-04-16,web,south,premium,1,19.99,19.99,completed
101900,1162,2026-04-29,phone,south,enterprise,2,29.99,59.98,completed
101901,1792,2026-03-11,web,northeast,enterprise,2,19.99,39.98,completed
101902,1791,2026-04-09,web,west,basic,3,19.99,59.97,completed
101903,1523,2026-03-23,store,south,basic,1,49.99,49.99,completed
101904,1785,2026-03-16,store,south,basic,4,79.99,319.96,cancelled
101905,1270,2026-04-28,store,west,basic,4,29.99,119.96,completed
101906,1491,2026-03-25,store,midwest,premium,4,49.99,199.96,cancelled
101907,1207,2026-03-10,web,west,enterprise,1,49.99,49.99,completed
101908,1538,2026-02-28,phone,midwest,premium,3,49.99,149.97,refunded
101909,1583,2026-05-06,web,midwest,basic,1,49.99,49.99,cancelled
101910,1059,2026-04-21,phone,west,basic,3,49.99,149.97,completed
101911,1429,2026-03-03,web,midwest,basic,2,29.99,59.98,completed
101912,1656,2026-05-24,phone,south,premium,3,49.99,149.97,completed
101913,1604,2026-05-08,web,northeast,basic,2,79.99,159.98,completed
101914,1308,2026-04-15,web,midwest,basic,3,19.99,59.97,completed
101915,1519,2026-03-09,phone,south,basic,2,19.99,39.98,completed
101916,1590,2026-01-15,web,west,enterprise,2,79.99,159.98,completed
101917,1026,2026-02-04,web,midwest,premium,4,29.99,119.96,completed
101918,1685,2026-01-14,web,south,enterprise,3,19.99,59.97,completed
101919,1561,2026-06-26,web,midwest,premium,4,79.99,319.96,completed
101920,1198,2026-04-12,web,west,premium,2,79.99,159.98,completed
101921,1386,2026-04-10,store,northeast,basic,4,49.99,199.96,completed
101922,1348,2026-01-07,web,midwest,basic,1,19.99,19.99,completed
101923,1692,2026-01-30,web,northeast,premium,4,49.99,199.96,completed
101924,1535,2026-02-18,web,midwest,enterprise,3,29.99,89.97,completed
101925,1377,2026-05-24,phone,midwest,basic,4,19.99,79.96,cancelled
101926,1557,2026-04-21,phone,west,basic,1,19.99,19.99,completed
101927,1526,2026-06-28,phone,midwest,premium,4,79.99,319.96,completed
101928,1152,2026-03-13,phone,south,basic,2,19.99,39.98,completed
101929,1733,2026-03-21,store,south,premium,2,29.99,59.98,completed
101930,1205,2026-03-24,store,northeast,basic,2,29.99,59.98,completed
101931,1454,2026-02-11,phone,northeast,basic,3,19.99,59.97,completed
101932,1272,2026-01-17,web,south,basic,4,79.99,319.96,completed
101933,1235,2026-06-22,phone,northeast,premium,2,29.99,59.98,cancelled
101934,1739,2026-01-07,web,northeast,premium,4,49.99,199.96,completed
101935,1520,2026-06-04,phone,south,basic,1,29.99,29.99,completed
101936,1677,2026-01-10,store,south,enterprise,1,19.99,19.99,completed
101937,1725,2026-02-03,phone,south,basic,3,49.99,149.97,completed
101938,1500,2026-02-05,store,west,basic,4,19.99,79.96,completed
101939,1116,2026-06-02,web,west,premium,1,19.99,19.99,completed
101940,1385,2026-01-06,web,south,basic,3,19.99,59.97,completed
101941,1343,2026-06-01,web,midwest,premium,3,79.99,239.97,completed
101942,1583,2026-05-26,store,south,enterprise,2,79.99,159.98,completed
101943,1394,2026-05-14,store,west,premium,1,29.99,29.99,completed
101944,1063,2026-01-29,phone,northeast,premium,4,19.99,79.96,completed
101945,1716,2026-05-06,phone,midwest,premium,1,49.99,49.99,completed
101946,1720,2026-06-02,phone,midwest,basic,1,49.99,49.99,completed
101947,1071,2026-03-22,store,northeast,basic,4,49.99,199.96,completed
101948,1788,2026-06-23,store,midwest,basic,4,79.99,319.96,completed
101949,1273,2026-06-01,phone,northeast,enterprise,2,79.99,159.98,completed
101950,1319,2026-03-16,phone,west,basic,3,19.99,59.97,completed
101951,1337,2026-01-26,web,midwest,basic,4,49.99,199.96,completed
101952,1365,2026-05-07,phone,midwest,enterprise,4,49.99,199.96,completed
101953,1494,2026-04-25,web,northeast,premium,1,79.99,79.99,completed
101954,1606,2026-05-06,web,northeast,enterprise,4,79.99,319.96,completed
101955,1165,2026-01-28,store,west,premium,4,49.99,199.96,completed
101956,1543,2026-05-11,web,northeast,basic,1,49.99,49.99,completed
101957,1010,2026-03-16,store,northeast,premium,1,29.99,29.99,completed
101958,1300,2026-06-15,web,west,basic,1,79.99,79.99,completed
101959,1728,2026-03-19,web,south,basic,2,19.99,39.98,completed
101960,1101,2026-06-28,web,south,premium,3,19.99,59.97,completed
101961,1424,2026-03-31,web,northeast,premium,4,49.99,199.96,completed
101962,1391,2026-06-25,web,west,enterprise,1,79.99,79.99,completed
101963,1778,2026-01-21,web,south,enterprise,1,19.99,19.99,completed
101964,1213,2026-02-23,web,west,enterprise,3,79.99,239.97,cancelled
101965,1690,2026-04-13,web,northeast,basic,2,49.99,99.98,completed
101966,1087,2026-02-28,web,northeast,premium,4,49.99,199.96,completed
101967,1552,2026-03-13,phone,west,premium,2,49.99,99.98,completed
101968,1400,2026-06-28,web,midwest,enterprise,2,79.99,159.98,cancelled
101969,1587,2026-01-20,phone,northeast,basic,2,19.99,39.98,completed
101970,1045,2026-04-22,phone,northeast,basic,1,29.99,29.99,completed
101971,1671,2026-02-28,web,northeast,enterprise,3,19.99,59.97,completed
101972,1462,2026-03-12,store,northeast,basic,3,79.99,239.97,completed
101973,1591,2026-05-17,phone,west,premium,3,19.99,59.97,completed
101974,1309,2026-04-19,phone,west,basic,2,29.99,59.98,completed
101975,1085,2026-05-09,web,west,basic,4,19.99,79.96,completed
101976,1091,2026-06-06,phone,west,premium,2,29.99,59.98,completed
101977,1659,2026-02-25,store,midwest,basic,3,79.99,239.97,completed
101978,1672,2026-02-04,web,west,premium,1,49.99,49.99,cancelled
101979,1713,2026-05-03,web,west,basic,2,29.99,59.98,completed
101980,1241,2026-05-11,web,northeast,basic,1,79.99,79.99,completed
101981,1001,2026-04-14,phone,midwest,basic,3,49.99,149.97,completed
101982,1224,2026-01-07,web,northeast,premium,2,29.99,59.98,completed
101983,1744,2026-01-27,phone,midwest,basic,1,49.99,49.99,completed
101984,1588,2026-01-01,web,south,premium,2,19.99,39.98,completed
101985,1115,2026-06-21,store,midwest,premium,3,79.99,239.97,completed
101986,1665,2026-03-28,web,midwest,premium,4,79.99,319.96,completed
101987,1102,2026-02-10,web,northeast,premium,3,79.99,239.97,completed
101988,1193,2026-05-03,phone,midwest,basic,4,79.99,319.96,completed
101989,1165,2026-03-16,web,midwest,basic,4,29.99,119.96,completed
101990,1089,2026-02-11,web,northeast,premium,3,19.99,59.97,completed
101991,1685,2026-04-27,web,south,basic,1,49.99,49.99,cancelled
101992,1121,2026-06-10,web,south,enterprise,2,79.99,159.98,completed
101993,1142,2026-06-27,store,south,premium,2,79.99,159.98,completed
101994,1105,2026-03-04,store,midwest,basic,2,29.99,59.98,completed
101995,1427,2026-06-14,web,northeast,premium,4,29.99,119.96,completed
101996,1304,2026-05-07,web,south,enterprise,4,29.99,119.96,completed
101997,1316,2026-06-25,web,south,basic,3,19.99,59.97,completed
101998,1634,2026-05-13,phone,south,premium,1,49.99,49.99,completed
101999,1008,2026-02-17,web,south,basic,3,19.99,59.97,cancelled
102000,1773,2026-01-03,web,northeast,premium,3,79.99,239.97,completed
102001,1072,2026-04-26,web,south,enterprise,1,29.99,29.99,completed
102002,1358,2026-06-24,phone,midwest,premium,4,79.99,319.96,completed
102003,1222,2026-04-09,web,midwest,premium,3,49.99,149.97,completed
102004,1415,2026-04-26,store,northeast,enterprise,3,49.99,149.97,completed
102005,1552,2026-01-14,web,west,premium,4,19.99,79.96,completed
102006,1369,2026-04-22,web,south,premium,2,19.99,39.98,completed
102007,1715,2026-03-02,web,south,premium,1,29.99,29.99,completed
102008,1263,2026-06-08,web,midwest,premium,1,29.99,29.99,completed
102009,1689,2026-04-05,web,northeast,premium,2,79.99,159.98,completed
102010,1317,2026-01-17,web,west,enterprise,1,29.99,29.99,completed
102011,1083,2026-05-04,web,midwest,premium,2,29.99,59.98,completed
102012,1317,2026-01-24,web,west,premium,3,79.99,239.97,completed
102013,1110,2026-04-26,web,northeast,basic,1,49.99,49.99,completed
102014,1250,2026-05-31,store,northeast,premium,1,29.99,29.99,completed
102015,1382,2026-03-23,web,northeast,premium,3,29.99,89.97,completed
102016,1006,2026-02-19,phone,midwest,premium,4,79.99,319.96,completed
102017,1458,2026-03-20,web,northeast,basic,4,79.99,319.96,completed
102018,1083,2026-03-20,web,midwest,enterprise,3,79.99,239.97,completed
102019,1207,2026-03-11,web,midwest,basic,1,79.99,79.99,completed
102020,1389,2026-01-27,web,south,basic,1,79.99,79.99,completed
102021,1313,2026-01-15,web,midwest,premium,1,29.99,29.99,completed
102022,1021,2026-02-19,web,midwest,premium,2,19.99,39.98,completed
102023,1409,2026-02-05,phone,south,basic,4,19.99,79.96,completed
102024,1514,2026-01-08,web,west,premium,1,19.99,19.99,completed
102025,1126,2026-03-20,web,south,basic,4,29.99,119.96,completed
102026,1699,2026-05-11,web,south,basic,4,49.99,199.96,completed
102027,1013,2026-02-16,phone,northeast,basic,1,29.99,29.99,completed
102028,1011,2026-04-15,phone,northeast,enterprise,3,19.99,59.97,cancelled
102029,1086,2026-04-08,web,south,basic,3,19.99,59.97,completed
102030,1523,2026-04-06,web,northeast,basic,4,79.99,319.96,completed
102031,1536,2026-06-09,web,south,premium,2,79.99,159.98,completed
102032,1300,2026-04-26,web,northeast,basic,4,79.99,319.96,completed
102033,1242,2026-01-13,phone,midwest,premium,4,29.99,119.96,completed
102034,1121,2026-01-01,phone,northeast,enterprise,3,49.99,149.97,completed
102035,1146,2026-02-03,web,northeast,premium,1,49.99,49.99,completed
102036,1566,2026-03-20,web,midwest,basic,1,79.99,79.99,cancelled
102037,1749,2026-03-19,phone,south,premium,2,49.99,99.98,completed
102038,1355,2026-05-01,web,northeast,premium,3,19.99,59.97,completed
102039,1684,2026-04-03,web,northeast,basic,3,19.99,59.97,completed
102040,1732,2026-04-08,phone,midwest,basic,4,79.99,319.96,completed
102041,1630,2026-03-23,web,midwest,basic,3,79.99,239.97,completed
102042,1308,2026-06-08,web,midwest,basic,4,79.99,319.96,completed
102043,1694,2026-06-02,web,west,enterprise,2,49.99,99.98,completed
102044,1287,2026-02-07,phone,midwest,premium,3,29.99,89.97,completed
102045,1306,2026-01-14,web,south,basic,3,79.99,239.97,completed
102046,1593,2026-05-16,store,northeast,basic,4,49.99,199.96,completed
102047,1722,2026-04-01,phone,northeast,enterprise,3,79.99,239.97,completed
102048,1661,2026-02-23,web,west,basic,1,29.99,29.99,completed
102049,1548,2026-05-10,web,northeast,premium,2,79.99,159.98,completed
102050,1351,2026-04-11,web,northeast,basic,1,19.99,19.99,completed
102051,1311,2026-03-30,web,south,enterprise,4,79.99,319.96,completed
102052,1058,2026-02-25,store,northeast,premium,4,19.99,79.96,completed
102053,1642,2026-04-04,phone,south,basic,4,19.99,79.96,refunded
102054,1713,2026-04-03,web,west,basic,2,49.99,99.98,completed
102055,1754,2026-03-25,phone,south,premium,3,49.99,149.97,completed
102056,1034,2026-03-26,web,midwest,enterprise,1,19.99,19.99,completed
102057,1444,2026-01-22,phone,midwest,basic,3,19.99,59.97,completed
102058,1092,2026-02-04,phone,west,premium,4,79.99,319.96,completed
102059,1206,2026-01-16,web,northeast,basic,3,79.99,239.97,completed
102060,1352,2026-02-19,web,south,enterprise,2,19.99,39.98,completed
102061,1331,2026-05-02,phone,midwest,premium,4,49.99,199.96,completed
102062,1724,2026-05-08,phone,south,basic,3,79.99,239.97,completed
102063,1158,2026-04-23,web,midwest,basic,1,79.99,79.99,completed
102064,1023,2026-06-20,web,south,basic,4,79.99,319.96,completed
102065,1403,2026-01-17,phone,northeast,premium,4,49.99,199.96,completed
102066,1515,2026-03-21,web,west,basic,2,19.99,39.98,completed
102067,1731,2026-05-10,web,northeast,basic,2,79.99,159.98,completed
102068,1363,2026-05-12,web,south,enterprise,1,49.99,49.99,completed
102069,1381,2026-03-26,web,midwest,basic,3,49.99,149.97,completed
102070,1531,2026-06-16,web,midwest,premium,3,49.99,149.97,completed
102071,1151,2026-04-04,store,west,basic,4,49.99,199.96,completed
102072,1561,2026-05-14,phone,northeast,basic,4,79.99,319.96,completed
102073,1688,2026-03-22,web,northeast,basic,3,19.99,59.97,completed
102074,1607,2026-03-10,web,northeast,premium,3,19.99,59.97,completed
102075,1616,2026-03-10,web,midwest,premium,3,49.99,149.97,completed
102076,1419,2026-05-28,web,west,enterprise,4,19.99,79.96,completed
102077,1249,2026-01-16,store,midwest,basic,2,79.99,159.98,completed
102078,1116,2026-02-20,web,northeast,basic,2,19.99,39.98,completed
102079,1511,2026-04-15,store,south,enterprise,1,19.99,19.99,completed
102080,1739,2026-06-14,web,midwest,basic,3,29.99,89.97,completed
102081,1577,2026-06-19,phone,west,basic,3,19.99,59.97,completed
102082,1334,2026-03-07,web,northeast,basic,3,19.99,59.97,cancelled
102083,1417,2026-01-09,web,south,premium,1,49.99,49.99,completed
102084,1773,2026-04-17,web,midwest,premium,3,49.99,149.97,completed
102085,1294,2026-04-10,store,south,basic,2,29.99,59.98,completed
102086,1754,2026-03-27,phone,south,basic,3,79.99,239.97,completed
102087,1370,2026-03-05,store,west,premium,1,29.99,29.99,completed
102088,1185,2026-01-22,phone,midwest,enterprise,4,19.99,79.96,completed
102089,1245,2026-06-11,store,west,basic,4,19.99,79.96,completed
102090,1636,2026-06-06,web,northeast,enterprise,2,79.99,159.98,completed
102091,1267,2026-06-15,web,south,basic,2,79.99,159.98,completed
102092,1642,2026-04-20,phone,west,basic,2,49.99,99.98,completed
102093,1236,2026-04-07,phone,west,basic,4,19.99,79.96,completed
102094,1529,2026-01-18,phone,northeast,basic,3,19.99,59.97,completed
102095,1551,2026-03-12,web,midwest,basic,1,19.99,19.99,completed
102096,1020,2026-05-07,web,west,enterprise,1,19.99,19.99,completed
102097,1736,2026-04-07,store,south,basic,3,19.99,59.97,completed
102098,1793,2026-01-01,phone,south,basic,4,19.99,79.96,completed
102099,1519,2026-05-12,web,south,basic,4,19.99,79.96,completed
102100,1099,2026-01-04,phone,south,premium,1,19.99,19.99,completed
102101,1751,2026-05-05,store,west,enterprise,2,49.99,99.98,completed
102102,1477,2026-03-23,web,south,basic,2,29.99,59.98,completed
102103,1598,2026-01-27,store,west,basic,1,19.99,19.99,completed
102104,1297,2026-06-20,store,midwest,basic,1,49.99,49.99,completed
102105,1525,2026-02-28,store,south,basic,3,19.99,59.97,completed
102106,1333,2026-02-01,store,midwest,basic,3,79.99,239.97,completed
102107,1001,2026-06-10,web,west,premium,3,19.99,59.97,completed
102108,1374,2026-01-28,web,northeast,premium,3,29.99,89.97,completed
102109,1292,2026-04-16,web,midwest,premium,3,49.99,149.97,completed
102110,1552,2026-04-15,web,south,basic,3,79.99,239.97,completed
102111,1317,2026-03-11,web,northeast,basic,2,79.99,159.98,completed
102112,1501,2026-03-03,web,midwest,premium,1,19.99,19.99,completed
102113,1380,2026-02-03,web,west,premium,4,29.99,119.96,completed
102114,1622,2026-03-28,web,west,basic,3,29.99,89.97,completed
102115,1013,2026-04-24,web,west,premium,2,19.99,39.98,completed
102116,1503,2026-04-16,store,midwest,basic,1,19.99,19.99,completed
102117,1230,2026-02-25,web,west,basic,1,49.99,49.99,completed
102118,1083,2026-04-23,phone,midwest,basic,1,49.99,49.99,completed
102119,1129,2026-01-13,web,south,enterprise,3,19.99,59.97,completed
102120,1742,2026-01-18,web,south,basic,3,19.99,59.97,completed
102121,1144,2026-04-23,store,midwest,enterprise,4,79.99,319.96,completed
102122,1027,2026-06-20,web,midwest,basic,3,29.99,89.97,completed
102123,1065,2026-02-08,web,northeast,basic,1,49.99,49.99,cancelled
102124,1162,2026-06-19,web,west,premium,1,19.99,19.99,completed
102125,1228,2026-03-20,web,south,basic,2,19.99,39.98,completed
102126,1260,2026-05-26,web,south,basic,2,49.99,99.98,completed
102127,1448,2026-05-31,web,northeast,basic,4,79.99,319.96,completed
102128,1423,2026-01-30,web,midwest,enterprise,2,79.99,159.98,completed
102129,1459,2026-04-08,store,midwest,premium,4,19.99,79.96,completed
102130,1675,2026-02-27,phone,northeast,basic,2,29.99,59.98,completed
102131,1300,2026-03-08,web,west,basic,1,29.99,29.99,completed
102132,1302,2026-03-12,web,midwest,premium,3,19.99,59.97,completed
102133,1286,2026-05-26,web,midwest,basic,3,49.99,149.97,completed
102134,1394,2026-04-16,web,west,basic,4,29.99,119.96,cancelled
102135,1009,2026-01-07,web,west,basic,3,49.99,149.97,completed
102136,1706,2026-02-09,store,northeast,premium,3,49.99,149.97,completed
102137,1629,2026-03-11,web,northeast,basic,2,49.99,99.98,completed
102138,1269,2026-03-09,store,northeast,premium,1,79.99,79.99,completed
102139,1591,2026-02-18,web,midwest,premium,3,29.99,89.97,completed
102140,1604,2026-02-21,store,northeast,enterprise,1,79.99,79.99,completed
102141,1777,2026-04-24,phone,midwest,premium,2,29.99,59.98,completed
102142,1360,2026-04-17,phone,south,basic,2,19.99,39.98,completed
102143,1256,2026-01-29,web,west,premium,3,49.99,149.97,completed
102144,1132,2026-05-29,store,west,enterprise,3,29.99,89.97,completed
102145,1275,2026-03-19,store,south,basic,2,29.99,59.98,completed
102146,1775,2026-01-09,phone,northeast,basic,2,19.99,39.98,completed
102147,1682,2026-06-24,web,midwest,basic,4,79.99,319.96,completed
102148,1512,2026-03-17,phone,midwest,enterprise,4,29.99,119.96,completed
102149,1312,2026-02-11,web,midwest,basic,1,29.99,29.99,completed
102150,1575,2026-06-28,phone,west,basic,2,79.99,159.98,completed
102151,1283,2026-06-28,store,northeast,premium,1,79.99,79.99,completed
102152,1120,2026-05-08,web,midwest,premium,2,29.99,59.98,completed
102153,1106,2026-01-20,web,midwest,basic,1,79.99,79.99,cancelled
102154,1686,2026-06-04,web,midwest,premium,4,19.99,79.96,completed
102155,1203,2026-06-15,phone,south,premium,2,19.99,39.98,completed
102156,1164,2026-03-13,web,midwest,basic,2,49.99,99.98,completed
102157,1304,2026-03-06,web,south,premium,1,29.99,29.99,cancelled
102158,1496,2026-04-23,web,midwest,premium,1,19.99,19.99,completed
102159,1631,2026-01-24,phone,midwest,enterprise,3,19.99,59.97,completed
102160,1555,2026-05-08,web,midwest,premium,3,19.99,59.97,completed
102161,1155,2026-06-24,phone,south,enterprise,4,49.99,199.96,completed
102162,1366,2026-03-24,web,midwest,basic,2,79.99,159.98,completed
102163,1718,2026-03-04,phone,northeast,basic,2,49.99,99.98,completed
102164,1619,2026-03-01,store,midwest,basic,1,49.99,49.99,completed
102165,1250,2026-04-09,web,south,basic,4,49.99,199.96,cancelled
102166,1333,2026-03-03,web,south,enterprise,2,49.99,99.98,completed
102167,1641,2026-01-30,store,northeast,basic,4,29.99,119.96,completed
102168,1510,2026-01-22,web,west,basic,3,29.99,89.97,completed
102169,1292,2026-05-06,web,northeast,basic,1,19.99,19.99,completed
102170,1019,2026-06-06,store,northeast,basic,2,49.99,99.98,completed
102171,1281,2026-06-18,store,south,basic,1,49.99,49.99,completed
102172,1796,2026-02-11,phone,midwest,basic,3,19.99,59.97,completed
102173,1000,2026-04-08,web,midwest,premium,4,79.99,319.96,completed
102174,1118,2026-01-31,web,west,basic,4,29.99,119.96,completed
102175,1034,2026-06-07,web,west,premium,3,49.99,149.97,completed
102176,1197,2026-04-22,phone,west,premium,3,79.99,239.97,completed
102177,1484,2026-05-26,phone,west,premium,2,79.99,159.98,completed
102178,1756,2026-05-02,store,northeast,basic,2,49.99,99.98,completed
102179,1058,2026-01-17,web,northeast,enterprise,2,49.99,99.98,cancelled
102180,1160,2026-02-07,phone,midwest,premium,2,79.99,159.98,completed
102181,1690,2026-05-22,web,northeast,basic,2,29.99,59.98,completed
102182,1205,2026-04-20,web,midwest,basic,4,29.99,119.96,completed
102183,1011,2026-01-22,phone,midwest,basic,2,49.99,99.98,completed
102184,1489,2026-02-25,web,midwest,premium,3,49.99,149.97,completed
102185,1275,2026-04-29,phone,midwest,premium,3,19.99,59.97,completed
102186,1692,2026-05-27,phone,south,basic,2,19.99,39.98,completed
102187,1241,2026-02-26,store,midwest,basic,3,29.99,89.97,completed
102188,1215,2026-06-21,phone,northeast,enterprise,1,19.99,19.99,cancelled
102189,1250,2026-02-04,store,northeast,enterprise,4,79.99,319.96,completed
102190,1125,2026-04-24,web,northeast,premium,4,79.99,319.96,completed
102191,1216,2026-05-05,web,northeast,premium,2,79.99,159.98,completed
102192,1305,2026-05-09,web,south,premium,1,79.99,79.99,completed
102193,1796,2026-02-21,web,west,premium,2,49.99,99.98,completed
102194,1184,2026-03-26,phone,west,basic,2,79.99,159.98,completed
102195,1038,2026-06-14,phone,midwest,basic,3,29.99,89.97,completed
102196,1222,2026-03-06,web,midwest,premium,4,19.99,79.96,completed
102197,1183,2026-06-28,web,northeast,basic,1,29.99,29.99,completed
102198,1494,2026-05-09,web,northeast,basic,3,49.99,149.97,completed
102199,1426,2026-01-21,phone,west,premium,4,19.99,79.96,completed
102200,1177,2026-06-30,phone,west,premium,4,19.99,79.96,completed
102201,1427,2026-01-16,phone,northeast,enterprise,2,19.99,39.98,completed
102202,1293,2026-05-03,web,midwest,basic,1,79.99,79.99,completed
102203,1150,2026-03-02,web,south,enterprise,2,49.99,99.98,cancelled
102204,1383,2026-02-23,phone,south,basic,3,29.99,89.97,completed
102205,1637,2026-06-17,phone,west,premium,2,79.99,159.98,completed
102206,1307,2026-01-26,web,west,basic,2,19.99,39.98,completed
102207,1335,2026-03-21,phone,west,basic,4,29.99,119.96,completed
102208,1745,2026-03-06,web,south,basic,4,29.99,119.96,completed
102209,1374,2026-04-10,phone,south,premium,3,29.99,89.97,completed
102210,1007,2026-03-15,store,northeast,basic,4,49.99,199.96,completed
102211,1340,2026-06-20,phone,midwest,premium,4,79.99,319.96,completed
102212,1128,2026-01-17,web,west,basic,4,49.99,199.96,completed
102213,1775,2026-05-01,web,northeast,basic,2,19.99,39.98,cancelled
102214,1668,2026-01-23,phone,south,premium,1,19.99,19.99,completed
102215,1351,2026-05-15,phone,northeast,enterprise,3,29.99,89.97,completed
102216,1357,2026-06-21,phone,south,basic,2,29.99,59.98,completed
102217,1516,2026-06-30,phone,midwest,premium,3,29.99,89.97,completed
102218,1494,2026-03-12,web,south,enterprise,2,49.99,99.98,completed
102219,1085,2026-04-18,store,northeast,premium,3,79.99,239.97,completed
102220,1174,2026-03-20,phone,midwest,premium,4,49.99,199.96,completed
102221,1192,2026-06-11,web,south,basic,3,19.99,59.97,completed
102222,1310,2026-02-15,phone,west,basic,1,29.99,29.99,completed
102223,1118,2026-03-19,web,south,basic,3,29.99,89.97,completed
102224,1217,2026-01-16,web,midwest,basic,1,49.99,49.99,completed
102225,1426,2026-03-12,web,northeast,premium,3,19.99,59.97,completed
102226,1413,2026-04-06,phone,midwest,basic,4,79.99,319.96,completed
102227,1113,2026-05-27,store,northeast,basic,3,29.99,89.97,completed
102228,1144,2026-01-02,phone,south,enterprise,2,29.99,59.98,completed
102229,1537,2026-01-10,web,south,premium,4,19.99,79.96,completed
102230,1647,2026-06-27,web,midwest,enterprise,4,29.99,119.96,completed
102231,1302,2026-05-05,web,west,premium,2,79.99,159.98,completed
102232,1743,2026-03-22,web,south,basic,4,49.99,199.96,cancelled
102233,1587,2026-05-20,phone,west,premium,4,19.99,79.96,completed
102234,1344,2026-03-11,store,west,premium,2,29.99,59.98,completed
102235,1000,2026-05-30,web,midwest,basic,4,29.99,119.96,completed
102236,1146,2026-02-01,phone,south,basic,4,79.99,319.96,completed
102237,1286,2026-04-15,store,west,basic,4,49.99,199.96,completed
102238,1653,2026-03-25,web,south,premium,4,79.99,319.96,completed
102239,1052,2026-05-09,phone,northeast,basic,3,49.99,149.97,completed
102240,1303,2026-02-27,phone,west,premium,4,79.99,319.96,completed
102241,1068,2026-05-26,phone,midwest,basic,4,49.99,199.96,completed
102242,1360,2026-05-14,web,midwest,basic,4,29.99,119.96,completed
102243,1601,2026-02-14,phone,west,basic,3,29.99,89.97,completed
102244,1219,2026-04-07,phone,south,basic,1,29.99,29.99,completed
102245,1703,2026-01-23,web,northeast,basic,4,19.99,79.96,completed
102246,1574,2026-01-23,web,northeast,basic,1,49.99,49.99,completed
102247,1584,2026-06-03,web,midwest,basic,1,19.99,19.99,completed
102248,1160,2026-05-15,store,midwest,enterprise,2,49.99,99.98,completed
102249,1680,2026-03-20,web,south,premium,2,29.99,59.98,completed
102250,1088,2026-02-13,store,midwest,premium,1,19.99,19.99,completed
102251,1687,2026-01-27,web,south,enterprise,3,19.99,59.97,completed
102252,1780,2026-01-26,web,west,enterprise,4,79.99,319.96,completed
102253,1584,2026-04-07,web,northeast,enterprise,4,49.99,199.96,completed
102254,1756,2026-02-05,web,west,basic,4,79.99,319.96,completed
102255,1588,2026-04-19,web,midwest,premium,2,19.99,39.98,completed
102256,1158,2026-02-24,phone,northeast,premium,2,19.99,39.98,cancelled
102257,1488,2026-03-10,web,northeast,premium,4,29.99,119.96,completed
102258,1323,2026-03-02,web,west,premium,1,79.99,79.99,completed
102259,1609,2026-05-10,web,south,basic,2,79.99,159.98,cancelled
102260,1380,2026-02-24,phone,northeast,enterprise,4,79.99,319.96,completed
102261,1101,2026-05-02,phone,south,basic,1,49.99,49.99,completed
102262,1493,2026-04-07,phone,west,basic,4,19.99,79.96,completed
102263,1643,2026-03-21,store,west,basic,2,79.99,159.98,completed
102264,1613,2026-03-28,web,south,basic,3,29.99,89.97,completed
102265,1018,2026-02-07,web,west,basic,3,19.99,59.97,completed
102266,1453,2026-04-29,web,northeast,basic,2,29.99,59.98,completed
102267,1481,2026-03-19,web,west,enterprise,1,19.99,19.99,completed
102268,1593,2026-06-06,phone,west,basic,4,29.99,119.96,completed
102269,1396,2026-06-03,web,northeast,premium,2,79.99,159.98,completed
102270,1278,2026-02-04,web,south,premium,1,79.99,79.99,completed
102271,1364,2026-03-20,web,west,premium,4,29.99,119.96,completed
102272,1330,2026-03-08,store,south,basic,4,49.99,199.96,completed
102273,1640,2026-03-28,store,northeast,premium,2,29.99,59.98,completed
102274,1343,2026-06-06,web,south,basic,4,19.99,79.96,completed
102275,1454,2026-02-03,web,south,basic,3,29.99,89.97,completed
102276,1600,2026-04-07,store,midwest,premium,3,29.99,89.97,refunded
102277,1724,2026-06-18,store,midwest,enterprise,4,19.99,79.96,completed
102278,1654,2026-06-18,web,west,premium,2,79.99,159.98,completed
102279,1064,2026-05-31,web,midwest,basic,4,19.99,79.96,completed
102280,1075,2026-03-12,store,midwest,basic,2,29.99,59.98,completed
102281,1710,2026-01-03,phone,midwest,basic,2,19.99,39.98,completed
102282,1142,2026-02-27,web,south,premium,3,29.99,89.97,cancelled
102283,1604,2026-02-01,phone,south,basic,3,79.99,239.97,completed
102284,1472,2026-01-31,store,midwest,enterprise,1,29.99,29.99,completed
102285,1416,2026-03-23,store,northeast,basic,2,29.99,59.98,completed
102286,1304,2026-02-12,phone,midwest,basic,4,79.99,319.96,completed
102287,1735,2026-05-15,phone,northeast,basic,2,19.99,39.98,completed
102288,1496,2026-04-15,web,south,basic,3,49.99,149.97,completed
102289,1290,2026-01-01,store,northeast,premium,2,49.99,99.98,completed
102290,1101,2026-03-02,web,south,enterprise,1,29.99,29.99,completed
102291,1266,2026-01-14,store,northeast,basic,4,29.99,119.96,completed
102292,1621,2026-06-29,web,south,basic,2,79.99,159.98,completed
102293,1776,2026-01-06,store,south,enterprise,4,19.99,79.96,completed
102294,1002,2026-04-13,web,midwest,premium,4,49.99,199.96,completed
102295,1084,2026-01-10,web,west,enterprise,3,49.99,149.97,completed
102296,1793,2026-03-12,web,west,basic,2,79.99,159.98,completed
102297,1327,2026-03-31,phone,south,basic,4,79.99,319.96,cancelled
102298,1449,2026-06-07,store,midwest,basic,3,49.99,149.97,completed
102299,1453,2026-05-29,phone,west,basic,1,19.99,19.99,completed
102300,1628,2026-05-06,web,west,premium,1,19.99,19.99,completed
102301,1220,2026-04-07,web,midwest,basic,2,19.99,39.98,completed
102302,1153,2026-03-15,store,midwest,premium,4,29.99,119.96,completed
102303,1664,2026-04-25,phone,west,basic,2,19.99,39.98,completed
102304,1011,2026-06-19,phone,west,premium,4,29.99,119.96,completed
102305,1132,2026-02-20,phone,northeast,basic,3,29.99,89.97,completed
102306,1303,2026-02-25,phone,northeast,basic,1,79.99,79.99,completed
102307,1292,2026-02-10,web,south,premium,1,29.99,29.99,completed
102308,1299,2026-02-01,phone,west,basic,1,29.99,29.99,completed
102309,1739,2026-01-15,phone,midwest,basic,1,79.99,79.99,completed
102310,1782,2026-03-03,store,midwest,basic,2,19.99,39.98,completed
102311,1042,2026-06-04,store,west,enterprise,4,19.99,79.96,completed
102312,1342,2026-01-28,web,south,premium,2,49.99,99.98,completed
102313,1325,2026-03-05,web,midwest,premium,3,49.99,149.97,completed
102314,1497,2026-05-10,web,west,enterprise,1,29.99,29.99,completed
102315,1363,2026-05-07,web,west,enterprise,4,49.99,199.96,completed
102316,1426,2026-02-05,phone,south,premium,2,79.99,159.98,completed
102317,1020,2026-04-24,store,west,premium,4,49.99,199.96,completed
102318,1406,2026-01-13,web,midwest,premium,2,49.99,99.98,completed
102319,1618,2026-01-15,web,northeast,basic,4,29.99,119.96,completed
102320,1335,2026-03-30,store,south,enterprise,4,79.99,319.96,completed
102321,1116,2026-01-22,store,west,premium,1,49.99,49.99,completed
102322,1123,2026-03-15,web,south,basic,2,19.99,39.98,completed
102323,1398,2026-01-25,phone,west,basic,3,79.99,239.97,completed
102324,1792,2026-04-11,web,northeast,basic,4,79.99,319.96,completed
102325,1714,2026-06-25,web,south,basic,3,29.99,89.97,completed
102326,1050,2026-06-20,web,west,basic,1,79.99,79.99,completed
102327,1782,2026-04-27,web,northeast,basic,3,79.99,239.97,completed
102328,1323,2026-06-15,web,midwest,basic,4,79.99,319.96,completed
102329,1788,2026-02-10,store,west,premium,4,79.99,319.96,completed
102330,1140,2026-06-22,phone,northeast,basic,4,79.99,319.96,completed
102331,1469,2026-03-29,web,northeast,basic,2,79.99,159.98,completed
102332,1786,2026-06-17,web,south,basic,3,79.99,239.97,completed
102333,1333,2026-04-20,web,west,enterprise,2,19.99,39.98,completed
102334,1372,2026-04-30,phone,midwest,basic,4,79.99,319.96,completed
102335,1563,2026-04-07,store,west,basic,4,29.99,119.96,completed
102336,1493,2026-05-25,web,northeast,premium,1,19.99,19.99,completed
102337,1538,2026-02-26,web,midwest,basic,1,79.99,79.99,completed
102338,1668,2026-05-10,phone,northeast,basic,4,49.99,199.96,completed
102339,1750,2026-04-06,phone,south,basic,2,29.99,59.98,completed
102340,1155,2026-05-01,web,west,premium,2,19.99,39.98,refunded
102341,1290,2026-03-03,phone,northeast,premium,4,29.99,119.96,completed
102342,1647,2026-05-17,phone,northeast,premium,3,19.99,59.97,completed
102343,1143,2026-03-09,web,west,basic,2,49.99,99.98,completed
102344,1105,2026-03-22,web,midwest,premium,4,29.99,119.96,completed
102345,1419,2026-01-17,web,northeast,basic,1,29.99,29.99,completed
102346,1669,2026-04-27,store,west,basic,4,19.99,79.96,completed
102347,1657,2026-02-19,store,south,basic,2,19.99,39.98,completed
102348,1001,2026-04-22,store,south,premium,4,49.99,199.96,completed
102349,1588,2026-04-04,phone,west,basic,3,79.99,239.97,completed
102350,1643,2026-06-17,phone,northeast,premium,3,19.99,59.97,completed
102351,1089,2026-03-26,phone,west,enterprise,2,19.99,39.98,completed
102352,1344,2026-05-29,store,west,basic,4,19.99,79.96,completed
102353,1349,2026-05-26,web,northeast,basic,3,49.99,149.97,completed
102354,1458,2026-06-06,web,midwest,basic,3,79.99,239.97,completed
102355,1262,2026-06-01,phone,midwest,basic,1,79.99,79.99,completed
102356,1350,2026-03-15,phone,south,basic,2,49.99,99.98,cancelled
102357,1107,2026-04-19,web,midwest,enterprise,1,79.99,79.99,completed
102358,1585,2026-05-25,phone,west,basic,1,29.99,29.99,completed
102359,1038,2026-01-18,phone,northeast,premium,3,49.99,149.97,completed
102360,1158,2026-02-11,web,south,basic,4,19.99,79.96,completed
102361,1582,2026-04-11,phone,midwest,premium,1,79.99,79.99,completed
102362,1311,2026-02-14,web,west,enterprise,2,29.99,59.98,completed
102363,1240,2026-03-23,store,south,premium,2,49.99,99.98,completed
102364,1444,2026-01-17,web,northeast,enterprise,4,49.99,199.96,completed
102365,1297,2026-03-14,phone,midwest,basic,2,19.99,39.98,completed
102366,1035,2026-01-14,web,west,basic,1,19.99,19.99,completed
102367,1083,2026-06-26,web,northeast,premium,4,49.99,199.96,cancelled
102368,1451,2026-06-06,phone,west,premium,2,29.99,59.98,completed
102369,1774,2026-05-12,web,west,enterprise,2,19.99,39.98,completed
102370,1384,2026-03-23,web,west,basic,1,49.99,49.99,completed
102371,1171,2026-05-28,web,northeast,basic,1,49.99,49.99,completed
102372,1375,2026-04-30,store,south,basic,1,19.99,19.99,cancelled
102373,1684,2026-04-30,phone,west,enterprise,1,79.99,79.99,completed
102374,1361,2026-02-16,web,south,enterprise,4,29.99,119.96,completed
102375,1558,2026-04-17,phone,south,premium,4,79.99,319.96,completed
102376,1140,2026-04-18,store,midwest,premium,4,79.99,319.96,completed
102377,1117,2026-01-09,phone,midwest,premium,3,29.99,89.97,completed
102378,1276,2026-03-20,web,south,premium,1,29.99,29.99,completed
102379,1725,2026-06-04,phone,midwest,basic,1,19.99,19.99,completed
102380,1219,2026-01-15,web,midwest,premium,4,19.99,79.96,completed
102381,1025,2026-01-19,web,south,basic,2,19.99,39.98,completed
102382,1520,2026-03-31,web,northeast,premium,2,29.99,59.98,completed
102383,1782,2026-06-29,phone,midwest,basic,1,79.99,79.99,completed
102384,1009,2026-01-26,web,midwest,premium,1,29.99,29.99,completed
102385,1377,2026-06-03,store,northeast,premium,4,19.99,79.96,completed
102386,1632,2026-06-03,web,northeast,premium,1,79.99,79.99,completed
102387,1636,2026-06-23,web,northeast,premium,2,19.99,39.98,completed
102388,1681,2026-04-02,web,south,premium,2,79.99,159.98,completed
102389,1583,2026-06-26,web,northeast,premium,1,19.99,19.99,refunded
102390,1151,2026-03-23,web,south,basic,4,29.99,119.96,completed
102391,1719,2026-06-30,web,west,premium,4,49.99,199.96,completed
102392,1048,2026-05-11,web,west,basic,2,49.99,99.98,completed
102393,1153,2026-02-11,web,northeast,premium,4,79.99,319.96,completed
102394,1292,2026-01-19,web,northeast,premium,2,29.99,59.98,completed
102395,1579,2026-01-17,web,west,premium,1,19.99,19.99,refunded
102396,1049,2026-06-10,phone,south,premium,2,79.99,159.98,completed
102397,1663,2026-03-17,phone,south,premium,1,79.99,79.99,completed
102398,1530,2026-06-26,phone,northeast,premium,4,19.99,79.96,completed
102399,1611,2026-03-04,web,northeast,basic,3,19.99,59.97,completed
102400,1059,2026-05-11,phone,northeast,enterprise,3,19.99,59.97,completed
102401,1166,2026-04-17,store,west,premium,3,29.99,89.97,completed
102402,1201,2026-02-18,web,midwest,basic,2,49.99,99.98,completed
102403,1145,2026-02-24,web,northeast,premium,3,79.99,239.97,completed
102404,1675,2026-06-03,web,south,premium,2,79.99,159.98,completed
102405,1438,2026-04-09,web,midwest,enterprise,4,49.99,199.96,completed
102406,1241,2026-02-21,web,south,premium,1,79.99,79.99,completed
102407,1580,2026-04-10,phone,midwest,basic,3,29.99,89.97,cancelled
102408,1686,2026-04-27,web,west,basic,2,19.99,39.98,completed
102409,1560,2026-04-28,store,midwest,premium,4,49.99,199.96,completed
102410,1482,2026-01-07,web,south,premium,4,29.99,119.96,refunded
102411,1107,2026-02-15,web,midwest,premium,3,19.99,59.97,completed
102412,1225,2026-02-15,store,west,basic,4,49.99,199.96,completed
102413,1672,2026-04-10,store,south,premium,4,29.99,119.96,completed
102414,1630,2026-05-24,web,northeast,premium,4,49.99,199.96,completed
102415,1660,2026-06-01,phone,midwest,basic,2,49.99,99.98,completed
102416,1661,2026-02-23,store,south,basic,4,29.99,119.96,completed
102417,1431,2026-03-03,web,midwest,basic,4,79.99,319.96,completed
102418,1654,2026-05-09,web,west,basic,4,29.99,119.96,completed
102419,1418,2026-02-18,store,south,basic,4,49.99,199.96,completed
102420,1454,2026-01-25,web,northeast,basic,4,49.99,199.96,completed
102421,1159,2026-01-10,web,northeast,enterprise,2,29.99,59.98,completed
102422,1522,2026-04-28,web,midwest,basic,4,19.99,79.96,completed
102423,1649,2026-05-24,web,west,basic,4,19.99,79.96,completed
102424,1589,2026-06-06,store,west,basic,1,19.99,19.99,completed
102425,1076,2026-04-02,web,midwest,basic,4,19.99,79.96,completed
102426,1508,2026-05-14,store,south,premium,4,29.99,119.96,completed
102427,1440,2026-05-24,web,south,basic,2,79.99,159.98,cancelled
102428,1253,2026-05-28,web,midwest,premium,4,19.99,79.96,completed
102429,1769,2026-03-21,web,south,premium,2,49.99,99.98,completed
102430,1319,2026-03-12,phone,south,basic,3,19.99,59.97,completed
102431,1262,2026-03-19,store,south,premium,4,79.99,319.96,cancelled
102432,1596,2026-02-12,web,midwest,premium,1,29.99,29.99,completed
102433,1657,2026-06-03,web,northeast,basic,2,79.99,159.98,completed
102434,1553,2026-03-31,phone,west,premium,3,79.99,239.97,completed
102435,1373,2026-03-19,phone,northeast,premium,1,79.99,79.99,completed
102436,1636,2026-06-10,web,south,premium,2,19.99,39.98,completed
102437,1166,2026-01-26,phone,midwest,basic,3,19.99,59.97,completed
102438,1752,2026-05-01,phone,west,enterprise,1,79.99,79.99,completed
102439,1458,2026-02-14,web,south,basic,4,29.99,119.96,completed
102440,1279,2026-03-04,web,west,basic,1,19.99,19.99,completed
102441,1699,2026-06-29,web,west,basic,1,29.99,29.99,completed
102442,1301,2026-03-09,phone,northeast,premium,1,19.99,19.99,completed
102443,1530,2026-06-03,phone,south,premium,2,29.99,59.98,completed
102444,1579,2026-01-02,web,west,basic,4,19.99,79.96,completed
102445,1217,2026-05-22,web,northeast,basic,4,79.99,319.96,completed
102446,1101,2026-04-18,web,midwest,premium,2,49.99,99.98,completed
102447,1553,2026-01-30,store,west,enterprise,1,49.99,49.99,completed
102448,1287,2026-02-18,web,south,basic,4,29.99,119.96,completed
102449,1166,2026-05-20,web,midwest,premium,1,29.99,29.99,completed
102450,1620,2026-02-13,web,west,basic,4,79.99,319.96,completed
102451,1035,2026-06-10,web,west,premium,2,79.99,159.98,completed
102452,1743,2026-01-13,web,south,premium,3,29.99,89.97,completed
102453,1740,2026-03-19,web,west,basic,1,49.99,49.99,cancelled
102454,1352,2026-05-06,web,south,premium,4,79.99,319.96,completed
102455,1675,2026-04-08,phone,south,enterprise,4,29.99,119.96,completed
102456,1072,2026-01-26,web,south,basic,4,79.99,319.96,completed
102457,1647,2026-05-29,web,south,basic,2,79.99,159.98,completed
102458,1352,2026-06-05,phone,west,basic,2,19.99,39.98,completed
102459,1069,2026-02-17,web,midwest,basic,3,79.99,239.97,completed
102460,1424,2026-06-17,phone,midwest,premium,2,29.99,59.98,completed
102461,1707,2026-03-07,web,northeast,basic,1,79.99,79.99,cancelled
102462,1780,2026-03-28,web,south,premium,2,29.99,59.98,completed
102463,1560,2026-03-20,web,west,basic,4,19.99,79.96,completed
102464,1641,2026-01-23,web,west,enterprise,1,19.99,19.99,refunded
102465,1516,2026-03-22,store,northeast,basic,2,49.99,99.98,completed
102466,1427,2026-02-17,web,midwest,basic,1,19.99,19.99,completed
102467,1538,2026-05-04,web,west,basic,1,19.99,19.99,completed
102468,1159,2026-05-10,web,northeast,premium,2,29.99,59.98,completed
102469,1148,2026-03-25,web,midwest,basic,1,49.99,49.99,completed
102470,1775,2026-01-20,web,west,basic,4,19.99,79.96,completed
102471,1229,2026-02-15,web,south,enterprise,4,79.99,319.96,completed
102472,1711,2026-05-11,web,northeast,enterprise,2,49.99,99.98,completed
102473,1561,2026-01-12,store,west,premium,2,19.99,39.98,completed
102474,1066,2026-02-09,web,northeast,basic,4,49.99,199.96,cancelled
102475,1380,2026-03-07,phone,northeast,basic,2,19.99,39.98,completed
102476,1057,2026-04-10,store,northeast,premium,4,29.99,119.96,completed
102477,1258,2026-03-19,web,south,basic,1,49.99,49.99,completed
102478,1341,2026-01-16,store,midwest,basic,2,49.99,99.98,completed
102479,1129,2026-03-24,phone,midwest,basic,3,19.99,59.97,completed
102480,1726,2026-06-11,web,west,enterprise,4,49.99,199.96,completed
102481,1171,2026-02-13,store,south,basic,4,19.99,79.96,completed
102482,1769,2026-05-14,web,midwest,premium,1,79.99,79.99,completed
102483,1613,2026-04-10,web,west,basic,3,49.99,149.97,refunded
102484,1208,2026-01-22,phone,west,premium,3,49.99,149.97,completed
102485,1353,2026-01-18,web,northeast,premium,3,29.99,89.97,completed
102486,1470,2026-01-12,web,south,basic,4,29.99,119.96,completed
102487,1797,2026-06-29,web,midwest,basic,4,49.99,199.96,completed
102488,1115,2026-05-03,phone,south,premium,3,29.99,89.97,completed
102489,1263,2026-04-27,phone,south,basic,2,49.99,99.98,completed
102490,1661,2026-02-20,phone,midwest,premium,3,19.99,59.97,completed
102491,1441,2026-03-12,store,midwest,premium,1,49.99,49.99,completed
102492,1547,2026-02-17,web,south,premium,3,49.99,149.97,cancelled
102493,1452,2026-01-19,web,west,basic,3,79.99,239.97,completed
102494,1476,2026-01-06,phone,south,basic,3,29.99,89.97,cancelled
102495,1286,2026-03-25,phone,midwest,premium,2,29.99,59.98,completed
102496,1302,2026-06-04,web,south,basic,3,79.99,239.97,completed
102497,1310,2026-02-22,web,midwest,enterprise,3,19.99,59.97,completed
102498,1207,2026-04-17,store,west,enterprise,4,19.99,79.96,completed
102499,1617,2026-04-11,store,south,basic,3,19.99,59.97,completed
102500,1445,2026-02-17,phone,west,basic,1,79.99,79.99,completed
102501,1669,2026-05-15,web,south,basic,4,49.99,199.96,completed
102502,1632,2026-03-10,store,south,enterprise,2,19.99,39.98,completed
102503,1054,2026-01-11,store,midwest,basic,4,19.99,79.96,completed
102504,1011,2026-05-23,web,northeast,basic,2,79.99,159.98,completed
102505,1656,2026-05-11,store,midwest,premium,2,29.99,59.98,completed
102506,1399,2026-05-02,store,south,basic,1,79.99,79.99,completed
102507,1647,2026-03-10,store,northeast,basic,3,29.99,89.97,completed
102508,1514,2026-01-23,store,northeast,basic,1,19.99,19.99,completed
102509,1655,2026-06-30,phone,west,premium,4,19.99,79.96,completed
102510,1541,2026-02-06,phone,south,basic,2,49.99,99.98,completed
102511,1236,2026-01-09,web,midwest,premium,4,49.99,199.96,completed
102512,1278,2026-01-15,phone,northeast,enterprise,2,29.99,59.98,completed
102513,1347,2026-05-11,phone,northeast,premium,4,19.99,79.96,completed
102514,1626,2026-04-03,store,midwest,premium,2,19.99,39.98,completed
102515,1103,2026-01-17,web,midwest,basic,1,79.99,79.99,completed
102516,1629,2026-06-03,phone,northeast,basic,2,19.99,39.98,completed
102517,1516,2026-05-29,web,midwest,basic,3,19.99,59.97,completed
102518,1247,2026-03-13,phone,west,premium,1,79.99,79.99,completed
102519,1363,2026-05-29,phone,northeast,basic,3,79.99,239.97,completed
102520,1320,2026-05-01,web,west,basic,4,19.99,79.96,completed
102521,1632,2026-01-11,web,south,basic,4,49.99,199.96,completed
102522,1285,2026-06-15,web,west,basic,2,49.99,99.98,completed
102523,1148,2026-03-13,web,midwest,premium,2,19.99,39.98,completed
102524,1083,2026-04-16,phone,northeast,premium,4,49.99,199.96,completed
102525,1405,2026-05-05,web,west,basic,1,79.99,79.99,completed
102526,1455,2026-02-04,web,midwest,premium,3,49.99,149.97,completed
102527,1742,2026-04-29,web,midwest,basic,4,19.99,79.96,completed
102528,1799,2026-01-14,web,west,premium,1,49.99,49.99,completed
102529,1160,2026-01-14,phone,northeast,premium,3,19.99,59.97,refunded
102530,1783,2026-01-10,web,west,basic,2,49.99,99.98,completed
102531,1459,2026-05-20,store,south,basic,1,19.99,19.99,completed
102532,1549,2026-02-07,web,west,premium,1,19.99,19.99,completed
102533,1499,2026-04-18,web,west,enterprise,4,49.99,199.96,completed
102534,1737,2026-04-29,web,northeast,premium,3,49.99,149.97,completed
102535,1508,2026-02-03,phone,west,premium,4,79.99,319.96,completed
102536,1653,2026-06-18,phone,midwest,premium,2,29.99,59.98,completed
102537,1480,2026-01-10,store,northeast,premium,2,19.99,39.98,completed
102538,1662,2026-05-02,phone,midwest,premium,3,19.99,59.97,completed
102539,1113,2026-05-25,web,northeast,basic,3,19.99,59.97,completed
102540,1748,2026-05-25,phone,south,premium,3,19.99,59.97,completed
102541,1577,2026-04-25,store,south,premium,4,49.99,199.96,completed
102542,1360,2026-01-01,web,south,premium,3,49.99,149.97,completed
102543,1340,2026-01-12,web,west,basic,3,29.99,89.97,completed
102544,1769,2026-04-13,phone,south,basic,4,19.99,79.96,completed
102545,1760,2026-01-04,web,northeast,premium,2,29.99,59.98,completed
102546,1448,2026-06-19,store,south,premium,2,79.99,159.98,completed
102547,1179,2026-05-21,web,northeast,enterprise,1,29.99,29.99,completed
102548,1701,2026-04-08,web,midwest,basic,2,29.99,59.98,completed
102549,1406,2026-04-16,store,west,basic,3,79.99,239.97,completed
102550,1665,2026-03-26,store,midwest,basic,2,79.99,159.98,cancelled
102551,1195,2026-05-01,web,midwest,premium,4,29.99,119.96,completed
102552,1465,2026-05-12,store,south,basic,2,79.99,159.98,completed
102553,1310,2026-03-23,web,south,enterprise,2,29.99,59.98,completed
102554,1261,2026-01-19,web,south,basic,1,49.99,49.99,completed
102555,1418,2026-05-10,store,midwest,enterprise,1,49.99,49.99,completed
102556,1405,2026-01-12,web,west,premium,3,29.99,89.97,cancelled
102557,1142,2026-03-22,web,west,enterprise,4,79.99,319.96,completed
102558,1341,2026-03-15,web,midwest,basic,3,79.99,239.97,refunded
102559,1315,2026-04-08,phone,west,premium,4,49.99,199.96,completed
102560,1100,2026-01-06,web,midwest,basic,4,49.99,199.96,completed
102561,1243,2026-05-16,phone,midwest,basic,1,79.99,79.99,cancelled
102562,1489,2026-05-05,phone,west,basic,2,79.99,159.98,refunded
102563,1011,2026-02-20,web,northeast,premium,2,79.99,159.98,completed
102564,1238,2026-01-11,phone,northeast,basic,1,79.99,79.99,cancelled
102565,1560,2026-05-07,store,south,enterprise,3,29.99,89.97,completed
102566,1041,2026-05-20,web,west,basic,2,79.99,159.98,cancelled
102567,1677,2026-03-14,web,south,basic,3,49.99,149.97,cancelled
102568,1593,2026-01-02,web,midwest,basic,2,49.99,99.98,completed
102569,1428,2026-01-08,phone,northeast,premium,3,19.99,59.97,completed
102570,1157,2026-05-19,store,west,basic,4,79.99,319.96,completed
102571,1215,2026-05-04,web,west,enterprise,4,29.99,119.96,completed
102572,1669,2026-02-22,web,west,premium,2,19.99,39.98,completed
102573,1461,2026-01-10,web,northeast,enterprise,3,19.99,59.97,completed
102574,1133,2026-04-22,phone,south,basic,3,29.99,89.97,completed
102575,1066,2026-01-08,web,northeast,basic,4,19.99,79.96,completed
102576,1006,2026-02-05,store,south,premium,3,19.99,59.97,completed
102577,1525,2026-04-16,web,midwest,premium,1,49.99,49.99,completed
102578,1072,2026-01-14,phone,midwest,basic,3,19.99,59.97,completed
102579,1398,2026-03-27,web,south,enterprise,4,29.99,119.96,completed
102580,1404,2026-05-29,phone,midwest,basic,1,79.99,79.99,completed
102581,1674,2026-02-19,web,midwest,premium,1,79.99,79.99,completed
102582,1577,2026-06-16,phone,west,basic,3,79.99,239.97,completed
102583,1129,2026-01-20,web,west,basic,4,49.99,199.96,completed
102584,1465,2026-03-28,web,northeast,basic,4,49.99,199.96,completed
102585,1205,2026-05-15,web,northeast,enterprise,4,49.99,199.96,completed
102586,1787,2026-05-17,phone,northeast,enterprise,1,29.99,29.99,completed
102587,1767,2026-05-09,web,west,basic,4,79.99,319.96,completed
102588,1265,2026-06-03,web,northeast,enterprise,1,29.99,29.99,completed
102589,1536,2026-06-15,store,northeast,premium,1,29.99,29.99,completed
102590,1792,2026-02-07,store,west,premium,2,19.99,39.98,completed
102591,1252,2026-02-13,web,south,basic,3,79.99,239.97,completed
102592,1288,2026-03-27,phone,west,premium,4,19.99,79.96,completed
102593,1163,2026-02-13,web,south,basic,1,49.99,49.99,completed
102594,1094,2026-03-15,phone,west,basic,3,49.99,149.97,completed
102595,1781,2026-04-29,store,northeast,premium,1,29.99,29.99,completed
102596,1109,2026-05-02,web,midwest,premium,3,29.99,89.97,completed
102597,1335,2026-05-14,phone,midwest,premium,1,19.99,19.99,completed
102598,1237,2026-05-25,web,south,enterprise,4,19.99,79.96,completed
102599,1380,2026-02-20,phone,south,premium,2,29.99,59.98,completed
102600,1435,2026-02-07,phone,south,basic,2,79.99,159.98,completed
102601,1482,2026-06-01,store,midwest,basic,2,29.99,59.98,completed
102602,1024,2026-02-20,web,south,premium,1,79.99,79.99,completed
102603,1652,2026-01-10,web,west,enterprise,3,19.99,59.97,completed
102604,1116,2026-04-30,web,west,enterprise,4,49.99,199.96,completed
102605,1481,2026-05-29,store,midwest,premium,4,49.99,199.96,completed
102606,1391,2026-03-11,phone,west,premium,1,19.99,19.99,completed
102607,1536,2026-03-26,phone,south,premium,2,19.99,39.98,completed
102608,1078,2026-02-26,web,midwest,basic,1,49.99,49.99,completed
102609,1579,2026-05-06,store,south,basic,3,79.99,239.97,completed
102610,1172,2026-02-08,store,west,premium,2,19.99,39.98,completed
102611,1011,2026-02-02,phone,south,enterprise,1,79.99,79.99,completed
102612,1799,2026-01-18,web,midwest,enterprise,3,79.99,239.97,completed
102613,1127,2026-02-26,web,south,basic,2,49.99,99.98,completed
102614,1607,2026-04-06,phone,west,premium,4,79.99,319.96,refunded
102615,1091,2026-02-17,phone,northeast,enterprise,3,49.99,149.97,completed
102616,1652,2026-02-11,web,midwest,premium,4,19.99,79.96,cancelled
102617,1542,2026-01-27,phone,south,basic,3,29.99,89.97,completed
102618,1531,2026-03-15,web,midwest,premium,2,29.99,59.98,completed
102619,1657,2026-04-20,phone,south,premium,1,29.99,29.99,completed
102620,1446,2026-06-29,web,northeast,premium,1,29.99,29.99,completed
102621,1389,2026-06-19,web,west,premium,1,29.99,29.99,completed
102622,1671,2026-02-01,web,south,premium,1,29.99,29.99,completed
102623,1042,2026-01-26,web,south,basic,3,79.99,239.97,completed
102624,1253,2026-01-25,web,northeast,basic,1,79.99,79.99,completed
102625,1129,2026-03-16,store,midwest,premium,1,29.99,29.99,completed
102626,1059,2026-01-23,web,west,basic,3,19.99,59.97,completed
102627,1662,2026-02-26,web,south,enterprise,3,19.99,59.97,completed
102628,1466,2026-06-29,web,south,basic,2,79.99,159.98,completed
102629,1286,2026-05-06,web,west,basic,3,79.99,239.97,completed
102630,1516,2026-03-28,web,northeast,enterprise,4,29.99,119.96,completed
102631,1466,2026-01-31,web,midwest,basic,2,19.99,39.98,completed
102632,1777,2026-03-05,phone,west,premium,2,49.99,99.98,completed
102633,1344,2026-02-02,web,midwest,premium,1,29.99,29.99,completed
102634,1641,2026-01-02,phone,northeast,basic,1,79.99,79.99,completed
102635,1381,2026-01-18,web,northeast,enterprise,4,79.99,319.96,completed
102636,1778,2026-06-24,web,west,basic,1,79.99,79.99,completed
102637,1689,2026-06-10,web,south,premium,3,49.99,149.97,completed
102638,1252,2026-03-25,store,northeast,basic,3,19.99,59.97,completed
102639,1055,2026-02-04,phone,northeast,basic,1,79.99,79.99,completed
102640,1462,2026-06-28,phone,west,enterprise,1,29.99,29.99,completed
102641,1456,2026-04-24,web,west,premium,3,49.99,149.97,completed
102642,1082,2026-05-26,store,west,basic,2,19.99,39.98,completed
102643,1098,2026-04-20,web,northeast,premium,4,29.99,119.96,completed
102644,1148,2026-03-29,web,midwest,premium,4,29.99,119.96,completed
102645,1328,2026-03-13,phone,northeast,enterprise,2,49.99,99.98,cancelled
102646,1155,2026-05-05,web,west,basic,4,49.99,199.96,completed
102647,1189,2026-01-30,store,south,enterprise,1,49.99,49.99,completed
102648,1493,2026-06-21,web,south,premium,1,79.99,79.99,completed
102649,1262,2026-02-22,store,west,premium,1,19.99,19.99,completed
102650,1079,2026-05-18,phone,south,enterprise,4,79.99,319.96,completed
102651,1399,2026-03-28,phone,northeast,basic,2,49.99,99.98,completed
102652,1763,2026-06-29,web,midwest,basic,1,49.99,49.99,completed
102653,1608,2026-06-26,web,northeast,basic,2,49.99,99.98,completed
102654,1259,2026-05-19,store,west,basic,3,79.99,239.97,completed
102655,1771,2026-06-13,web,northeast,basic,3,29.99,89.97,completed
102656,1614,2026-06-10,phone,south,premium,3,49.99,149.97,completed
102657,1551,2026-06-24,store,northeast,basic,4,79.99,319.96,completed
102658,1784,2026-01-13,web,midwest,basic,4,49.99,199.96,refunded
102659,1100,2026-02-09,phone,south,basic,1,79.99,79.99,completed
102660,1358,2026-03-30,phone,midwest,basic,3,19.99,59.97,completed
102661,1379,2026-03-09,web,midwest,basic,2,19.99,39.98,completed
102662,1220,2026-02-11,web,midwest,premium,4,79.99,319.96,completed
102663,1419,2026-05-27,web,northeast,basic,2,49.99,99.98,completed
102664,1123,2026-04-04,web,northeast,enterprise,2,79.99,159.98,completed
102665,1421,2026-01-19,phone,northeast,basic,1,19.99,19.99,completed
102666,1230,2026-01-23,web,northeast,enterprise,1,79.99,79.99,completed
102667,1689,2026-02-23,store,south,basic,2,19.99,39.98,completed
102668,1062,2026-03-06,web,northeast,premium,2,19.99,39.98,completed
102669,1484,2026-05-20,phone,south,premium,2,29.99,59.98,completed
102670,1627,2026-01-24,phone,midwest,premium,2,49.99,99.98,completed
102671,1702,2026-02-03,web,south,premium,3,79.99,239.97,completed
102672,1573,2026-02-22,web,west,enterprise,2,49.99,99.98,completed
102673,1767,2026-05-16,phone,northeast,premium,4,49.99,199.96,completed
102674,1482,2026-01-18,store,west,premium,1,19.99,19.99,cancelled
102675,1518,2026-02-26,web,south,enterprise,4,19.99,79.96,cancelled
102676,1154,2026-04-22,web,northeast,premium,1,79.99,79.99,completed
102677,1091,2026-01-05,web,west,premium,1,79.99,79.99,completed
102678,1525,2026-06-03,web,northeast,basic,1,79.99,79.99,completed
102679,1454,2026-06-07,phone,south,enterprise,4,19.99,79.96,completed
102680,1740,2026-01-13,store,west,basic,1,29.99,29.99,completed
102681,1597,2026-03-24,web,south,premium,2,79.99,159.98,completed
102682,1644,2026-01-29,store,west,basic,2,19.99,39.98,completed
102683,1509,2026-01-03,web,midwest,basic,3,29.99,89.97,completed
102684,1182,2026-03-31,phone,midwest,premium,3,49.99,149.97,completed
102685,1385,2026-04-14,web,midwest,premium,3,19.99,59.97,completed
102686,1573,2026-05-03,web,midwest,basic,2,79.99,159.98,completed
102687,1730,2026-03-17,web,midwest,basic,4,79.99,319.96,completed
102688,1404,2026-05-10,web,south,basic,3,29.99,89.97,completed
102689,1245,2026-04-18,phone,midwest,premium,2,29.99,59.98,completed
102690,1741,2026-06-05,phone,south,basic,1,19.99,19.99,completed
102691,1590,2026-03-23,web,midwest,premium,4,29.99,119.96,completed
102692,1660,2026-03-18,store,northeast,premium,4,19.99,79.96,completed
102693,1649,2026-01-02,web,midwest,enterprise,2,29.99,59.98,completed
102694,1470,2026-05-07,phone,northeast,basic,2,49.99,99.98,completed
102695,1422,2026-05-15,web,south,basic,1,79.99,79.99,completed
102696,1064,2026-01-26,web,midwest,premium,1,79.99,79.99,completed
102697,1012,2026-03-29,web,west,premium,1,49.99,49.99,refunded
102698,1212,2026-01-16,phone,south,basic,4,79.99,319.96,completed
102699,1241,2026-05-31,phone,midwest,premium,4,79.99,319.96,completed
102700,1492,2026-06-17,web,south,basic,3,79.99,239.97,completed
102701,1212,2026-03-14,web,west,basic,3,79.99,239.97,completed
102702,1692,2026-02-01,web,midwest,basic,3,49.99,149.97,completed
102703,1337,2026-01-15,phone,west,enterprise,4,19.99,79.96,completed
102704,1172,2026-05-21,phone,midwest,basic,1,79.99,79.99,completed
102705,1671,2026-01-05,web,northeast,basic,3,49.99,149.97,cancelled
102706,1163,2026-03-15,web,south,basic,1,79.99,79.99,completed
102707,1464,2026-02-21,phone,west,premium,1,49.99,49.99,cancelled
102708,1496,2026-03-18,web,south,premium,1,49.99,49.99,completed
102709,1699,2026-06-18,web,west,basic,3,19.99,59.97,completed
102710,1394,2026-06-30,web,south,basic,3,29.99,89.97,completed
102711,1702,2026-04-20,web,south,basic,1,19.99,19.99,completed
102712,1307,2026-06-27,web,south,premium,3,19.99,59.97,completed
102713,1767,2026-05-23,phone,northeast,basic,2,79.99,159.98,completed
102714,1182,2026-04-16,web,midwest,enterprise,3,49.99,149.97,completed
102715,1628,2026-05-07,phone,northeast,basic,1,29.99,29.99,cancelled
102716,1793,2026-01-07,web,south,basic,1,49.99,49.99,completed
102717,1509,2026-02-09,store,west,basic,4,79.99,319.96,completed
102718,1707,2026-06-05,phone,south,premium,4,49.99,199.96,completed
102719,1545,2026-06-09,phone,midwest,premium,1,79.99,79.99,completed
102720,1563,2026-04-09,web,northeast,enterprise,2,19.99,39.98,completed
102721,1623,2026-05-23,web,midwest,basic,4,19.99,79.96,cancelled
102722,1763,2026-03-26,web,west,basic,1,79.99,79.99,completed
102723,1593,2026-03-06,phone,midwest,premium,4,19.99,79.96,completed
102724,1743,2026-05-12,web,northeast,premium,4,49.99,199.96,completed
102725,1226,2026-01-11,store,west,premium,1,29.99,29.99,completed
102726,1744,2026-04-18,store,midwest,basic,3,29.99,89.97,completed
102727,1732,2026-01-26,web,northeast,basic,2,49.99,99.98,completed
102728,1435,2026-06-14,store,northeast,basic,3,29.99,89.97,completed
102729,1421,2026-05-31,web,south,premium,1,49.99,49.99,completed
102730,1553,2026-03-26,web,midwest,premium,1,79.99,79.99,completed
102731,1020,2026-06-17,web,west,premium,2,29.99,59.98,completed
102732,1553,2026-05-31,phone,south,basic,1,79.99,79.99,completed
102733,1396,2026-05-03,web,midwest,premium,4,79.99,319.96,cancelled
102734,1624,2026-05-24,store,midwest,basic,2,49.99,99.98,completed
102735,1104,2026-03-09,web,west,basic,3,29.99,89.97,completed
102736,1191,2026-04-14,web,south,enterprise,2,19.99,39.98,completed
102737,1016,2026-03-21,store,south,premium,3,19.99,59.97,completed
102738,1119,2026-06-08,web,west,premium,1,19.99,19.99,completed
102739,1392,2026-02-22,web,south,premium,3,19.99,59.97,completed
102740,1424,2026-04-16,phone,northeast,basic,3,49.99,149.97,completed
102741,1128,2026-06-02,web,west,premium,3,79.99,239.97,completed
102742,1129,2026-02-13,web,midwest,enterprise,2,29.99,59.98,completed
102743,1571,2026-05-20,web,west,basic,4,49.99,199.96,cancelled
102744,1559,2026-03-31,web,northeast,premium,3,19.99,59.97,cancelled
102745,1028,2026-04-11,store,west,premium,2,29.99,59.98,completed
102746,1096,2026-04-07,store,midwest,basic,2,49.99,99.98,cancelled
102747,1009,2026-01-09,web,midwest,basic,4,79.99,319.96,cancelled
102748,1241,2026-01-12,web,west,basic,2,19.99,39.98,completed
102749,1231,2026-03-10,web,west,premium,1,29.99,29.99,completed
102750,1788,2026-01-28,store,northeast,premium,1,29.99,29.99,completed
102751,1283,2026-02-25,web,northeast,premium,1,19.99,19.99,cancelled
102752,1714,2026-04-09,web,midwest,basic,4,79.99,319.96,completed
102753,1758,2026-04-20,phone,south,premium,2,19.99,39.98,completed
102754,1775,2026-03-18,store,south,premium,1,79.99,79.99,completed
102755,1725,2026-04-13,web,south,basic,3,29.99,89.97,completed
102756,1199,2026-04-16,web,south,premium,2,19.99,39.98,completed
102757,1078,2026-04-19,web,midwest,premium,1,79.99,79.99,completed
102758,1172,2026-04-22,web,south,basic,2,79.99,159.98,cancelled
102759,1466,2026-02-27,phone,south,basic,1,49.99,49.99,completed
102760,1580,2026-03-19,phone,west,premium,3,79.99,239.97,completed
102761,1415,2026-03-16,phone,south,premium,2,19.99,39.98,completed
102762,1448,2026-02-11,web,west,enterprise,1,19.99,19.99,completed
102763,1086,2026-06-15,web,midwest,premium,1,79.99,79.99,completed
102764,1100,2026-03-09,web,west,basic,3,19.99,59.97,refunded
102765,1007,2026-06-30,web,northeast,basic,3,29.99,89.97,completed
102766,1199,2026-02-02,phone,west,premium,1,29.99,29.99,completed
102767,1504,2026-03-12,web,south,basic,1,19.99,19.99,cancelled
102768,1086,2026-02-25,web,west,premium,4,79.99,319.96,cancelled
102769,1042,2026-04-15,web,west,basic,4,29.99,119.96,completed
102770,1384,2026-04-11,web,midwest,basic,2,79.99,159.98,completed
102771,1620,2026-02-20,web,midwest,basic,2,19.99,39.98,completed
102772,1434,2026-03-15,store,south,basic,4,49.99,199.96,completed
102773,1407,2026-06-20,web,northeast,premium,1,29.99,29.99,completed
102774,1482,2026-05-01,phone,northeast,basic,3,19.99,59.97,completed
102775,1663,2026-05-23,web,west,enterprise,2,29.99,59.98,completed
102776,1016,2026-06-15,web,northeast,premium,1,79.99,79.99,completed
102777,1644,2026-05-23,store,midwest,basic,3,49.99,149.97,completed
102778,1147,2026-01-05,web,south,basic,3,49.99,149.97,completed
102779,1276,2026-03-24,phone,south,premium,1,19.99,19.99,completed
102780,1231,2026-02-20,web,midwest,basic,1,29.99,29.99,completed
102781,1365,2026-01-10,web,south,enterprise,2,49.99,99.98,completed
102782,1227,2026-05-20,phone,west,premium,4,29.99,119.96,completed
102783,1650,2026-01-04,store,south,basic,1,79.99,79.99,completed
102784,1435,2026-04-05,store,northeast,premium,4,79.99,319.96,completed
102785,1398,2026-05-26,phone,south,basic,2,19.99,39.98,completed
102786,1210,2026-03-21,web,south,basic,4,49.99,199.96,completed
102787,1390,2026-02-05,phone,midwest,enterprise,4,49.99,199.96,completed
102788,1498,2026-01-25,phone,midwest,basic,3,29.99,89.97,completed
102789,1539,2026-04-08,web,northeast,premium,2,79.99,159.98,cancelled
102790,1562,2026-06-13,web,midwest,enterprise,1,49.99,49.99,completed
102791,1490,2026-04-11,store,northeast,basic,4,19.99,79.96,completed
102792,1441,2026-01-09,web,west,basic,2,19.99,39.98,completed
102793,1260,2026-03-02,web,northeast,basic,3,49.99,149.97,completed
102794,1772,2026-02-22,store,south,basic,3,19.99,59.97,completed
102795,1349,2026-05-26,web,northeast,basic,4,49.99,199.96,cancelled
102796,1351,2026-06-20,web,west,premium,4,49.99,199.96,completed
102797,1519,2026-06-12,phone,south,premium,1,49.99,49.99,completed
102798,1319,2026-03-04,web,northeast,premium,2,49.99,99.98,completed
102799,1137,2026-05-01,phone,midwest,basic,1,29.99,29.99,completed
102800,1549,2026-04-15,web,midwest,premium,1,49.99,49.99,completed
102801,1622,2026-01-04,web,midwest,premium,3,19.99,59.97,completed
102802,1367,2026-04-03,web,northeast,basic,2,79.99,159.98,completed
102803,1219,2026-06-18,store,northeast,basic,1,29.99,29.99,completed
102804,1336,2026-06-22,web,west,basic,3,79.99,239.97,completed
102805,1222,2026-06-27,web,south,enterprise,4,79.99,319.96,completed
102806,1647,2026-01-28,web,south,premium,1,79.99,79.99,completed
102807,1767,2026-06-19,web,south,premium,4,79.99,319.96,completed
102808,1359,2026-03-21,web,south,premium,2,79.99,159.98,cancelled
102809,1328,2026-03-17,web,northeast,premium,1,19.99,19.99,completed
102810,1462,2026-04-26,web,northeast,basic,4,49.99,199.96,completed
102811,1560,2026-03-10,web,west,premium,4,19.99,79.96,completed
102812,1381,2026-04-08,phone,south,premium,2,29.99,59.98,completed
102813,1589,2026-01-01,phone,northeast,basic,3,19.99,59.97,completed
102814,1616,2026-06-16,web,northeast,enterprise,3,29.99,89.97,completed
102815,1168,2026-04-06,web,northeast,basic,1,49.99,49.99,completed
102816,1216,2026-01-17,phone,northeast,basic,4,79.99,319.96,completed
102817,1377,2026-04-22,phone,south,premium,3,49.99,149.97,completed
102818,1118,2026-04-01,web,south,premium,1,19.99,19.99,cancelled
102819,1189,2026-03-29,store,northeast,basic,4,19.99,79.96,completed
102820,1766,2026-06-12,web,midwest,premium,1,49.99,49.99,completed
102821,1369,2026-06-23,web,west,basic,2,49.99,99.98,completed
102822,1777,2026-06-19,web,south,premium,1,19.99,19.99,completed
102823,1148,2026-06-16,store,south,basic,2,49.99,99.98,completed
102824,1675,2026-03-31,web,midwest,basic,4,29.99,119.96,completed
102825,1651,2026-02-18,phone,south,basic,4,29.99,119.96,cancelled
102826,1487,2026-02-07,web,midwest,basic,4,19.99,79.96,refunded
102827,1769,2026-05-31,web,midwest,basic,1,19.99,19.99,completed
102828,1373,2026-05-30,web,northeast,premium,4,49.99,199.96,completed
102829,1780,2026-05-12,store,south,basic,4,49.99,199.96,completed
102830,1692,2026-06-26,web,west,basic,2,79.99,159.98,completed
102831,1159,2026-02-28,web,midwest,basic,4,29.99,119.96,completed
102832,1350,2026-03-09,web,west,basic,4,19.99,79.96,completed
102833,1287,2026-05-10,store,northeast,basic,4,19.99,79.96,completed
102834,1287,2026-02-18,web,south,basic,3,19.99,59.97,completed
102835,1225,2026-05-06,web,northeast,basic,4,19.99,79.96,completed
102836,1522,2026-06-08,web,northeast,basic,1,79.99,79.99,completed
102837,1521,2026-04-21,store,west,premium,2,29.99,59.98,cancelled
102838,1782,2026-06-17,store,west,premium,4,79.99,319.96,completed
102839,1272,2026-02-17,phone,midwest,basic,1,29.99,29.99,completed
102840,1401,2026-02-20,web,south,basic,2,19.99,39.98,completed
102841,1182,2026-02-12,web,northeast,basic,2,29.99,59.98,completed
102842,1664,2026-04-08,store,midwest,basic,1,19.99,19.99,refunded
102843,1487,2026-06-26,web,midwest,basic,1,79.99,79.99,completed
102844,1123,2026-05-04,web,northeast,premium,3,29.99,89.97,completed
102845,1625,2026-03-21,web,northeast,basic,3,49.99,149.97,completed
102846,1789,2026-04-21,store,midwest,enterprise,4,29.99,119.96,completed
102847,1413,2026-05-23,web,northeast,basic,3,19.99,59.97,completed
102848,1724,2026-01-27,phone,northeast,premium,1,49.99,49.99,completed
102849,1171,2026-06-07,store,west,premium,3,19.99,59.97,cancelled
102850,1287,2026-06-13,web,south,basic,2,49.99,99.98,completed
102851,1434,2026-04-23,web,midwest,basic,1,49.99,49.99,completed
102852,1685,2026-03-27,store,northeast,premium,4,29.99,119.96,completed
102853,1112,2026-04-24,store,midwest,enterprise,2,29.99,59.98,completed
102854,1121,2026-05-04,store,south,basic,2,49.99,99.98,completed
102855,1543,2026-02-18,phone,midwest,basic,2,49.99,99.98,completed
102856,1221,2026-03-17,web,midwest,basic,1,49.99,49.99,completed
102857,1630,2026-02-24,store,midwest,basic,1,19.99,19.99,completed
102858,1038,2026-02-25,web,west,enterprise,4,29.99,119.96,completed
102859,1496,2026-04-05,store,south,premium,3,19.99,59.97,completed
102860,1779,2026-02-13,store,south,basic,3,29.99,89.97,completed
102861,1232,2026-06-08,phone,midwest,basic,3,79.99,239.97,completed
102862,1529,2026-03-28,store,midwest,basic,3,19.99,59.97,completed
102863,1148,2026-06-30,phone,south,premium,2,29.99,59.98,completed
102864,1396,2026-03-25,web,northeast,enterprise,1,49.99,49.99,completed
102865,1660,2026-05-31,phone,west,basic,3,49.99,149.97,completed
102866,1637,2026-06-05,web,south,basic,2,29.99,59.98,completed
102867,1301,2026-01-16,web,midwest,enterprise,1,49.99,49.99,completed
102868,1359,2026-06-14,web,northeast,basic,1,49.99,49.99,completed
102869,1237,2026-05-29,web,northeast,basic,1,79.99,79.99,completed
102870,1646,2026-05-25,store,northeast,basic,2,79.99,159.98,completed
102871,1662,2026-02-06,store,west,basic,3,79.99,239.97,completed
102872,1235,2026-03-18,web,west,basic,1,19.99,19.99,completed
102873,1735,2026-05-27,web,south,enterprise,2,79.99,159.98,completed
102874,1202,2026-06-07,web,south,premium,1,79.99,79.99,completed
102875,1255,2026-02-14,store,south,basic,4,79.99,319.96,completed
102876,1597,2026-05-26,web,south,basic,4,29.99,119.96,completed
102877,1661,2026-03-03,phone,midwest,premium,2,49.99,99.98,completed
102878,1234,2026-06-13,store,west,basic,3,29.99,89.97,completed
102879,1344,2026-04-10,web,northeast,basic,3,79.99,239.97,completed
102880,1533,2026-02-21,store,midwest,basic,1,19.99,19.99,completed
102881,1796,2026-01-19,store,south,premium,3,29.99,89.97,completed
102882,1780,2026-04-19,store,south,basic,3,79.99,239.97,completed
102883,1465,2026-02-13,web,midwest,basic,4,19.99,79.96,completed
102884,1769,2026-01-07,web,northeast,basic,2,19.99,39.98,completed
102885,1540,2026-06-21,store,west,basic,4,19.99,79.96,completed
102886,1212,2026-04-27,web,west,enterprise,2,49.99,99.98,completed
102887,1462,2026-03-09,phone,northeast,premium,1,19.99,19.99,completed
102888,1435,2026-02-03,web,west,basic,4,79.99,319.96,completed
102889,1282,2026-03-10,web,south,basic,2,29.99,59.98,completed
102890,1561,2026-02-24,web,south,premium,3,29.99,89.97,completed
102891,1606,2026-01-10,phone,south,basic,2,79.99,159.98,completed
102892,1462,2026-02-11,web,south,premium,3,49.99,149.97,completed
102893,1406,2026-02-10,phone,northeast,premium,1,49.99,49.99,cancelled
102894,1087,2026-05-02,web,west,basic,3,19.99,59.97,completed
102895,1043,2026-05-18,phone,west,enterprise,2,79.99,159.98,completed
102896,1460,2026-01-10,phone,midwest,basic,4,19.99,79.96,completed
102897,1277,2026-04-12,web,northeast,basic,2,19.99,39.98,completed
102898,1682,2026-05-08,web,west,premium,4,79.99,319.96,completed
102899,1420,2026-06-28,web,west,premium,2,49.99,99.98,completed
102900,1700,2026-05-29,web,midwest,premium,2,49.99,99.98,completed
102901,1352,2026-05-16,phone,south,premium,1,29.99,29.99,completed
102902,1695,2026-04-02,web,west,basic,3,79.99,239.97,completed
102903,1514,2026-04-23,web,south,basic,2,19.99,39.98,completed
102904,1702,2026-03-19,phone,midwest,basic,4,79.99,319.96,completed
102905,1629,2026-03-26,web,west,premium,3,19.99,59.97,completed
102906,1018,2026-01-30,store,south,basic,1,29.99,29.99,completed
102907,1022,2026-02-18,web,northeast,basic,3,29.99,89.97,completed
102908,1412,2026-01-09,store,south,enterprise,2,29.99,59.98,completed
102909,1029,2026-05-25,web,south,basic,4,29.99,119.96,completed
102910,1107,2026-03-10,web,south,basic,4,19.99,79.96,completed
102911,1366,2026-02-27,web,south,basic,3,49.99,149.97,completed
102912,1280,2026-03-03,web,northeast,basic,4,19.99,79.96,completed
102913,1127,2026-02-21,web,midwest,basic,2,29.99,59.98,completed
102914,1228,2026-02-09,web,south,basic,4,49.99,199.96,completed
102915,1110,2026-06-15,phone,south,basic,4,79.99,319.96,cancelled
102916,1135,2026-06-20,web,west,basic,4,19.99,79.96,completed
102917,1361,2026-03-04,phone,west,basic,2,79.99,159.98,completed
102918,1185,2026-05-27,web,northeast,basic,1,29.99,29.99,completed
102919,1655,2026-02-19,store,northeast,basic,4,79.99,319.96,completed
102920,1583,2026-06-10,web,northeast,basic,1,49.99,49.99,completed
102921,1128,2026-05-21,web,west,basic,3,49.99,149.97,completed
102922,1260,2026-03-19,web,south,enterprise,3,49.99,149.97,completed
102923,1514,2026-04-07,web,west,enterprise,2,19.99,39.98,completed
102924,1448,2026-02-12,web,midwest,basic,2,79.99,159.98,completed
102925,1103,2026-06-26,web,northeast,basic,2,79.99,159.98,completed
102926,1482,2026-02-05,phone,northeast,premium,2,79.99,159.98,completed
102927,1223,2026-05-02,store,northeast,premium,1,29.99,29.99,completed
102928,1490,2026-04-18,web,midwest,enterprise,2,19.99,39.98,completed
102929,1472,2026-01-10,store,south,basic,1,19.99,19.99,completed
102930,1009,2026-04-05,store,south,premium,4,79.99,319.96,completed
102931,1404,2026-01-06,store,south,enterprise,4,19.99,79.96,completed
102932,1301,2026-02-26,web,northeast,basic,3,79.99,239.97,completed
102933,1230,2026-05-09,web,south,basic,3,79.99,239.97,completed
102934,1730,2026-03-12,web,west,basic,1,79.99,79.99,completed
102935,1065,2026-01-21,phone,northeast,basic,2,49.99,99.98,completed
102936,1111,2026-04-02,web,midwest,basic,3,29.99,89.97,completed
102937,1012,2026-05-07,web,midwest,premium,1,19.99,19.99,completed
102938,1392,2026-03-21,web,south,basic,3,29.99,89.97,completed
102939,1499,2026-02-25,web,northeast,basic,2,49.99,99.98,completed
102940,1597,2026-04-26,phone,west,enterprise,1,19.99,19.99,completed
102941,1233,2026-05-28,web,west,basic,3,79.99,239.97,refunded
102942,1601,2026-01-25,phone,northeast,basic,2,29.99,59.98,completed
102943,1313,2026-06-05,phone,south,basic,1,49.99,49.99,refunded
102944,1565,2026-01-05,web,midwest,basic,1,19.99,19.99,completed
102945,1011,2026-04-30,web,midwest,basic,1,19.99,19.99,completed
102946,1208,2026-01-21,phone,west,premium,4,29.99,119.96,completed
102947,1013,2026-01-18,web,west,basic,1,29.99,29.99,completed
102948,1632,2026-06-24,web,west,premium,3,19.99,59.97,completed
102949,1417,2026-02-26,web,midwest,basic,1,19.99,19.99,completed
102950,1436,2026-04-03,phone,west,enterprise,1,49.99,49.99,completed
102951,1376,2026-01-19,phone,midwest,premium,1,79.99,79.99,completed
102952,1019,2026-05-08,web,midwest,enterprise,1,79.99,79.99,completed
102953,1586,2026-04-07,web,south,basic,1,49.99,49.99,completed
102954,1754,2026-05-11,web,south,premium,4,19.99,79.96,completed
102955,1734,2026-06-19,store,south,enterprise,2,29.99,59.98,completed
102956,1069,2026-01-21,web,west,premium,4,29.99,119.96,completed
102957,1210,2026-02-09,store,midwest,basic,3,19.99,59.97,cancelled
102958,1100,2026-03-08,web,west,basic,2,49.99,99.98,completed
102959,1697,2026-06-02,phone,midwest,basic,3,19.99,59.97,completed
102960,1131,2026-05-07,web,south,basic,1,29.99,29.99,completed
102961,1622,2026-02-24,phone,south,premium,3,19.99,59.97,completed
102962,1380,2026-06-29,web,west,premium,4,19.99,79.96,completed
102963,1131,2026-06-21,phone,midwest,premium,4,49.99,199.96,completed
102964,1019,2026-04-19,web,west,basic,1,79.99,79.99,completed
102965,1535,2026-04-08,web,northeast,basic,1,29.99,29.99,completed
102966,1226,2026-04-22,web,west,basic,2,29.99,59.98,completed
102967,1153,2026-04-25,store,south,basic,4,19.99,79.96,completed
102968,1741,2026-04-27,phone,midwest,premium,4,29.99,119.96,completed
102969,1468,2026-03-28,web,midwest,basic,2,29.99,59.98,completed
102970,1404,2026-03-22,phone,west,premium,4,79.99,319.96,completed
102971,1201,2026-03-07,phone,south,basic,2,29.99,59.98,completed
102972,1037,2026-01-19,store,northeast,enterprise,4,29.99,119.96,completed
102973,1771,2026-05-15,store,west,basic,3,49.99,149.97,completed
102974,1187,2026-04-28,phone,midwest,basic,3,49.99,149.97,completed
102975,1056,2026-02-11,web,south,basic,2,49.99,99.98,completed
102976,1019,2026-02-11,phone,midwest,basic,2,49.99,99.98,completed
102977,1272,2026-02-28,phone,midwest,premium,1,49.99,49.99,completed
102978,1118,2026-01-20,store,midwest,premium,4,79.99,319.96,completed
102979,1582,2026-03-14,web,midwest,basic,3,29.99,89.97,completed
102980,1515,2026-01-17,web,northeast,basic,1,19.99,19.99,completed
102981,1220,2026-01-27,web,south,premium,4,79.99,319.96,completed
102982,1525,2026-06-24,phone,west,basic,3,19.99,59.97,completed
102983,1514,2026-01-02,store,south,basic,4,49.99,199.96,completed
102984,1727,2026-03-04,web,south,premium,2,29.99,59.98,completed
102985,1740,2026-03-03,phone,south,basic,3,49.99,149.97,completed
102986,1335,2026-04-10,phone,west,premium,3,79.99,239.97,completed
102987,1697,2026-01-19,phone,south,premium,1,19.99,19.99,completed
102988,1054,2026-01-17,web,west,premium,4,29.99,119.96,completed
102989,1499,2026-03-10,store,west,premium,2,79.99,159.98,completed
102990,1765,2026-06-16,web,northeast,basic,2,79.99,159.98,completed
102991,1535,2026-04-27,phone,midwest,basic,4,29.99,119.96,completed
102992,1161,2026-03-22,web,west,enterprise,4,29.99,119.96,completed
102993,1669,2026-02-08,web,midwest,basic,2,79.99,159.98,cancelled
102994,1593,2026-02-05,store,south,premium,4,19.99,79.96,completed
102995,1158,2026-06-17,web,midwest,premium,1,19.99,19.99,completed
102996,1187,2026-06-22,web,midwest,premium,4,79.99,319.96,completed
102997,1059,2026-05-12,phone,midwest,basic,1,79.99,79.99,completed
102998,1318,2026-06-02,web,south,basic,1,49.99,49.99,completed
102999,1210,2026-06-07,web,south,basic,4,49.99,199.96,completed
103000,1405,2026-01-29,web,west,basic,3,19.99,59.97,completed
103001,1663,2026-02-20,web,west,enterprise,3,49.99,149.97,completed
103002,1108,2026-06-01,web,northeast,premium,1,19.99,19.99,completed
103003,1075,2026-01-14,web,south,premium,4,29.99,119.96,completed
103004,1541,2026-03-10,store,northeast,basic,1,49.99,49.99,cancelled
103005,1313,2026-05-26,web,south,basic,4,19.99,79.96,refunded
103006,1116,2026-06-19,web,midwest,basic,4,19.99,79.96,completed
103007,1703,2026-02-26,web,northeast,basic,2,79.99,159.98,completed
103008,1018,2026-01-12,web,northeast,basic,3,19.99,59.97,completed
103009,1431,2026-01-17,phone,northeast,basic,3,49.99,149.97,completed
103010,1684,2026-01-30,phone,south,basic,2,79.99,159.98,completed
103011,1739,2026-03-29,web,west,basic,2,79.99,159.98,completed
103012,1349,2026-04-09,web,northeast,enterprise,2,49.99,99.98,completed
103013,1182,2026-01-23,web,west,basic,1,29.99,29.99,completed
103014,1112,2026-05-09,phone,south,premium,1,49.99,49.99,completed
103015,1182,2026-03-20,phone,northeast,basic,1,49.99,49.99,completed
103016,1480,2026-02-01,web,south,basic,1,79.99,79.99,completed
103017,1145,2026-01-09,web,west,basic,1,49.99,49.99,completed
103018,1627,2026-01-15,phone,west,premium,3,29.99,89.97,completed
103019,1112,2026-06-05,store,northeast,basic,3,29.99,89.97,completed
103020,1762,2026-06-01,store,west,basic,4,29.99,119.96,completed
103021,1475,2026-06-12,web,midwest,premium,3,79.99,239.97,completed
103022,1762,2026-01-27,web,midwest,basic,2,49.99,99.98,refunded
103023,1302,2026-04-19,web,northeast,basic,3,19.99,59.97,completed
103024,1117,2026-03-17,phone,south,basic,2,49.99,99.98,completed
103025,1160,2026-05-28,store,south,basic,3,29.99,89.97,cancelled
103026,1400,2026-03-06,web,south,premium,1,49.99,49.99,completed
103027,1197,2026-06-26,web,midwest,premium,3,79.99,239.97,completed
103028,1259,2026-04-19,web,west,basic,4,49.99,199.96,completed
103029,1659,2026-05-09,web,midwest,basic,1,79.99,79.99,completed
103030,1751,2026-01-10,web,west,premium,1,19.99,19.99,completed
103031,1046,2026-02-16,phone,midwest,basic,4,19.99,79.96,completed
103032,1398,2026-05-03,web,south,enterprise,3,79.99,239.97,completed
103033,1709,2026-02-28,web,south,basic,3,49.99,149.97,completed
103034,1558,2026-04-06,phone,south,premium,4,29.99,119.96,completed
103035,1077,2026-04-13,web,northeast,enterprise,1,79.99,79.99,completed
103036,1123,2026-05-04,web,northeast,premium,4,49.99,199.96,completed
103037,1074,2026-03-27,web,west,basic,2,49.99,99.98,completed
103038,1136,2026-05-26,store,northeast,premium,2,49.99,99.98,completed
103039,1601,2026-04-22,phone,midwest,premium,3,29.99,89.97,completed
103040,1399,2026-06-23,web,midwest,premium,1,29.99,29.99,completed
103041,1504,2026-06-09,web,west,basic,2,29.99,59.98,completed
103042,1499,2026-01-27,web,west,premium,4,79.99,319.96,completed
103043,1572,2026-01-18,phone,south,basic,3,79.99,239.97,completed
103044,1137,2026-06-16,phone,northeast,basic,3,29.99,89.97,cancelled
103045,1049,2026-06-26,store,south,premium,1,79.99,79.99,refunded
103046,1770,2026-03-23,web,northeast,basic,2,29.99,59.98,completed
103047,1618,2026-06-21,store,northeast,premium,3,79.99,239.97,refunded
103048,1624,2026-03-13,store,west,enterprise,4,49.99,199.96,completed
103049,1253,2026-02-23,store,south,enterprise,2,29.99,59.98,refunded
103050,1629,2026-06-11,phone,south,premium,3,79.99,239.97,completed
103051,1709,2026-03-12,web,northeast,basic,3,49.99,149.97,completed
103052,1562,2026-06-13,web,northeast,basic,2,49.99,99.98,completed
103053,1756,2026-05-26,web,west,basic,2,79.99,159.98,cancelled
103054,1425,2026-02-07,web,midwest,basic,1,49.99,49.99,completed
103055,1546,2026-05-17,phone,south,basic,4,19.99,79.96,completed
103056,1301,2026-06-28,phone,south,premium,1,29.99,29.99,refunded
103057,1580,2026-02-04,store,west,basic,1,29.99,29.99,completed
103058,1348,2026-03-23,web,west,basic,4,49.99,199.96,completed
103059,1048,2026-05-13,web,south,premium,4,79.99,319.96,completed
103060,1073,2026-05-22,phone,south,basic,1,19.99,19.99,completed
103061,1703,2026-06-07,web,northeast,basic,2,79.99,159.98,refunded
103062,1260,2026-01-04,web,midwest,basic,4,29.99,119.96,cancelled
103063,1355,2026-06-16,store,south,premium,1,49.99,49.99,completed
103064,1581,2026-06-02,phone,west,premium,2,19.99,39.98,completed
103065,1601,2026-06-05,web,northeast,premium,3,49.99,149.97,completed
103066,1259,2026-05-30,store,northeast,basic,2,19.99,39.98,completed
103067,1637,2026-06-08,phone,west,premium,1,49.99,49.99,completed
103068,1742,2026-01-23,phone,west,premium,4,79.99,319.96,completed
103069,1294,2026-02-17,store,northeast,basic,2,29.99,59.98,completed
103070,1640,2026-05-28,web,west,basic,2,49.99,99.98,cancelled
103071,1791,2026-05-05,phone,northeast,premium,2,49.99,99.98,completed
103072,1312,2026-06-15,web,west,basic,4,19.99,79.96,completed
103073,1611,2026-02-24,web,northeast,premium,4,79.99,319.96,completed
103074,1181,2026-03-09,store,south,basic,2,79.99,159.98,completed
103075,1685,2026-03-29,web,south,premium,2,19.99,39.98,completed
103076,1363,2026-01-01,phone,west,basic,1,79.99,79.99,completed
103077,1187,2026-05-15,store,midwest,basic,4,29.99,119.96,cancelled
103078,1568,2026-04-05,store,south,basic,2,49.99,99.98,completed
103079,1542,2026-05-20,store,northeast,enterprise,4,19.99,79.96,completed
103080,1595,2026-04-16,web,midwest,premium,4,79.99,319.96,completed
103081,1663,2026-05-13,web,northeast,premium,4,29.99,119.96,completed
103082,1547,2026-04-18,web,northeast,premium,1,29.99,29.99,completed
103083,1724,2026-06-27,web,south,basic,3,79.99,239.97,completed
103084,1407,2026-02-11,web,west,premium,4,79.99,319.96,completed
103085,1617,2026-04-12,phone,west,basic,4,19.99,79.96,completed
103086,1413,2026-05-04,phone,northeast,basic,2,79.99,159.98,completed
103087,1341,2026-05-20,store,south,basic,4,19.99,79.96,completed
103088,1219,2026-04-13,phone,northeast,basic,3,49.99,149.97,completed
103089,1162,2026-05-26,phone,midwest,basic,4,29.99,119.96,completed
103090,1219,2026-03-15,web,northeast,basic,1,19.99,19.99,completed
103091,1269,2026-04-18,web,south,basic,2,29.99,59.98,completed
103092,1631,2026-05-02,web,northeast,premium,3,49.99,149.97,completed
103093,1399,2026-01-17,phone,south,basic,1,79.99,79.99,completed
103094,1181,2026-03-12,web,west,basic,3,19.99,59.97,completed
103095,1617,2026-03-03,phone,south,premium,2,79.99,159.98,completed
103096,1728,2026-02-10,phone,midwest,basic,4,29.99,119.96,completed
103097,1204,2026-04-29,web,south,premium,2,19.99,39.98,completed
103098,1581,2026-06-11,web,midwest,premium,2,49.99,99.98,completed
103099,1555,2026-02-14,web,midwest,basic,4,49.99,199.96,completed
103100,1227,2026-02-27,web,northeast,basic,1,79.99,79.99,completed
103101,1695,2026-06-28,phone,midwest,basic,3,49.99,149.97,completed
103102,1618,2026-05-06,phone,south,basic,1,49.99,49.99,completed
103103,1595,2026-06-11,phone,west,basic,4,79.99,319.96,completed
103104,1249,2026-02-13,store,south,basic,3,79.99,239.97,completed
103105,1440,2026-01-15,phone,west,basic,4,19.99,79.96,cancelled
103106,1532,2026-03-19,store,midwest,premium,1,19.99,19.99,completed
103107,1195,2026-03-11,web,northeast,basic,2,79.99,159.98,completed
103108,1689,2026-06-27,phone,midwest,premium,3,29.99,89.97,completed
103109,1518,2026-04-11,web,midwest,basic,4,29.99,119.96,completed
103110,1069,2026-06-09,web,west,premium,3,19.99,59.97,completed
103111,1638,2026-01-03,web,south,basic,3,19.99,59.97,cancelled
103112,1398,2026-03-27,phone,northeast,premium,1,79.99,79.99,completed
103113,1671,2026-03-15,web,northeast,basic,2,29.99,59.98,completed
103114,1759,2026-02-20,web,northeast,premium,3,79.99,239.97,completed
103115,1202,2026-03-08,store,northeast,basic,1,19.99,19.99,completed
103116,1147,2026-03-17,store,south,basic,3,49.99,149.97,completed
103117,1471,2026-04-03,phone,northeast,basic,2,49.99,99.98,completed
103118,1654,2026-06-25,phone,west,basic,3,49.99,149.97,completed
103119,1198,2026-05-25,store,west,basic,2,79.99,159.98,completed
103120,1425,2026-01-07,phone,northeast,basic,1,29.99,29.99,completed
103121,1665,2026-01-13,web,northeast,basic,1,19.99,19.99,cancelled
103122,1491,2026-04-30,store,south,basic,2,29.99,59.98,completed
103123,1141,2026-03-07,phone,south,premium,2,29.99,59.98,completed
103124,1312,2026-01-04,web,northeast,enterprise,1,19.99,19.99,completed
103125,1164,2026-05-18,web,south,basic,2,29.99,59.98,completed
103126,1313,2026-03-29,web,midwest,premium,2,49.99,99.98,completed
103127,1020,2026-01-17,store,northeast,premium,4,19.99,79.96,completed
103128,1081,2026-02-21,web,south,basic,3,49.99,149.97,completed
103129,1580,2026-05-14,store,west,basic,1,79.99,79.99,completed
103130,1130,2026-03-10,store,northeast,basic,1,49.99,49.99,completed
103131,1598,2026-05-17,phone,northeast,enterprise,4,79.99,319.96,completed
103132,1729,2026-01-21,phone,west,basic,2,79.99,159.98,completed
103133,1304,2026-01-24,web,west,premium,2,19.99,39.98,cancelled
103134,1370,2026-01-04,web,south,premium,2,49.99,99.98,completed
103135,1383,2026-06-01,web,west,basic,1,49.99,49.99,completed
103136,1444,2026-01-03,phone,midwest,basic,4,49.99,199.96,completed
103137,1424,2026-03-09,web,northeast,premium,3,19.99,59.97,completed
103138,1160,2026-04-11,web,midwest,basic,4,79.99,319.96,completed
103139,1177,2026-06-17,web,south,basic,1,79.99,79.99,completed
103140,1628,2026-06-25,store,west,basic,3,79.99,239.97,completed
103141,1707,2026-02-23,web,northeast,enterprise,2,19.99,39.98,completed
103142,1489,2026-02-04,store,west,basic,4,19.99,79.96,completed
103143,1326,2026-02-25,web,west,premium,4,29.99,119.96,completed
103144,1597,2026-04-18,web,south,basic,1,49.99,49.99,completed
103145,1288,2026-02-09,web,south,basic,4,79.99,319.96,completed
103146,1592,2026-03-09,web,south,enterprise,3,29.99,89.97,completed
103147,1663,2026-02-15,phone,south,premium,4,29.99,119.96,completed
103148,1572,2026-03-19,web,northeast,basic,1,49.99,49.99,completed
103149,1572,2026-05-21,phone,midwest,premium,4,19.99,79.96,completed
103150,1353,2026-06-04,phone,midwest,basic,3,29.99,89.97,completed
103151,1027,2026-01-06,phone,northeast,premium,3,19.99,59.97,completed
103152,1042,2026-01-17,phone,west,basic,1,19.99,19.99,completed
103153,1680,2026-06-13,web,northeast,premium,2,49.99,99.98,completed
103154,1422,2026-04-09,phone,midwest,premium,1,29.99,29.99,completed
103155,1597,2026-03-22,store,midwest,basic,2,79.99,159.98,completed
103156,1176,2026-01-02,store,northeast,enterprise,3,29.99,89.97,completed
103157,1528,2026-03-18,store,south,enterprise,4,79.99,319.96,completed
103158,1609,2026-06-29,web,west,basic,4,79.99,319.96,completed
103159,1493,2026-03-07,phone,northeast,premium,3,19.99,59.97,completed
103160,1197,2026-02-21,phone,midwest,premium,1,79.99,79.99,completed
103161,1609,2026-04-02,web,south,premium,4,49.99,199.96,completed
103162,1576,2026-06-20,store,west,enterprise,1,29.99,29.99,completed
103163,1516,2026-01-22,phone,midwest,basic,4,19.99,79.96,refunded
103164,1513,2026-04-21,web,west,premium,2,19.99,39.98,completed
103165,1021,2026-04-17,web,south,premium,4,79.99,319.96,completed
103166,1111,2026-03-08,store,midwest,basic,2,19.99,39.98,refunded
103167,1056,2026-05-20,web,south,basic,4,49.99,199.96,completed
103168,1065,2026-03-10,web,northeast,basic,4,49.99,199.96,completed
103169,1097,2026-03-25,web,northeast,premium,4,19.99,79.96,completed
103170,1143,2026-04-13,web,west,premium,4,19.99,79.96,completed
103171,1434,2026-02-08,store,south,basic,4,49.99,199.96,cancelled
103172,1636,2026-01-13,web,south,basic,1,79.99,79.99,refunded
103173,1678,2026-02-10,phone,west,basic,2,19.99,39.98,cancelled
103174,1085,2026-02-26,store,west,basic,2,79.99,159.98,cancelled
103175,1587,2026-06-30,web,west,premium,4,19.99,79.96,completed
103176,1343,2026-01-12,web,northeast,basic,1,49.99,49.99,completed
103177,1293,2026-01-13,phone,west,premium,1,19.99,19.99,completed
103178,1570,2026-04-30,web,northeast,premium,3,19.99,59.97,completed
103179,1649,2026-04-07,web,west,enterprise,3,19.99,59.97,completed
103180,1610,2026-02-26,phone,south,basic,1,49.99,49.99,completed
103181,1703,2026-02-09,store,south,enterprise,3,49.99,149.97,cancelled
103182,1242,2026-04-28,phone,west,basic,2,49.99,99.98,completed
103183,1560,2026-03-21,store,west,premium,1,29.99,29.99,completed
103184,1031,2026-05-08,phone,northeast,premium,3,29.99,89.97,completed
103185,1390,2026-06-22,phone,midwest,basic,1,29.99,29.99,completed
103186,1276,2026-02-04,store,northeast,basic,3,29.99,89.97,completed
103187,1531,2026-01-03,web,south,basic,1,49.99,49.99,completed
103188,1153,2026-04-30,web,west,premium,4,19.99,79.96,completed
103189,1382,2026-01-05,phone,south,basic,2,49.99,99.98,completed
103190,1067,2026-01-11,phone,midwest,enterprise,3,29.99,89.97,completed
103191,1213,2026-05-06,web,northeast,basic,4,79.99,319.96,completed
103192,1654,2026-03-12,web,south,enterprise,1,79.99,79.99,completed
103193,1375,2026-04-27,web,northeast,basic,4,49.99,199.96,completed
103194,1743,2026-05-18,phone,west,basic,2,19.99,39.98,completed
103195,1212,2026-04-16,store,south,basic,3,29.99,89.97,refunded
103196,1078,2026-04-26,store,midwest,enterprise,3,19.99,59.97,completed
103197,1725,2026-06-11,phone,northeast,premium,1,19.99,19.99,cancelled
103198,1627,2026-03-08,store,northeast,basic,2,19.99,39.98,completed
103199,1603,2026-01-31,web,midwest,basic,4,29.99,119.96,refunded
103200,1781,2026-03-16,web,south,basic,1,49.99,49.99,completed
103201,1380,2026-03-12,web,south,premium,3,29.99,89.97,completed
103202,1679,2026-03-07,phone,northeast,basic,4,29.99,119.96,completed
103203,1057,2026-03-11,web,midwest,premium,1,49.99,49.99,completed
103204,1795,2026-02-10,phone,northeast,premium,4,49.99,199.96,completed
103205,1025,2026-06-09,phone,northeast,enterprise,4,49.99,199.96,completed
103206,1446,2026-01-20,web,west,premium,1,79.99,79.99,completed
103207,1065,2026-06-27,store,south,basic,4,79.99,319.96,completed
103208,1759,2026-06-02,phone,south,enterprise,4,49.99,199.96,completed
103209,1253,2026-05-20,web,west,basic,2,19.99,39.98,completed
103210,1043,2026-02-08,web,south,basic,2,79.99,159.98,completed
103211,1096,2026-05-25,phone,south,premium,3,29.99,89.97,completed
103212,1553,2026-02-14,web,south,basic,2,29.99,59.98,completed
103213,1226,2026-05-19,web,midwest,basic,1,79.99,79.99,completed
103214,1773,2026-03-11,phone,west,basic,4,29.99,119.96,completed
103215,1678,2026-05-05,store,northeast,basic,3,49.99,149.97,completed
103216,1435,2026-05-31,web,midwest,basic,2,29.99,59.98,completed
103217,1790,2026-04-01,store,northeast,basic,4,79.99,319.96,completed
103218,1600,2026-03-11,store,west,basic,1,19.99,19.99,completed
103219,1378,2026-06-15,web,west,premium,4,29.99,119.96,completed
103220,1177,2026-05-10,phone,west,premium,1,29.99,29.99,completed
103221,1426,2026-03-25,web,south,premium,4,19.99,79.96,completed
103222,1708,2026-03-30,web,midwest,premium,3,79.99,239.97,completed
103223,1306,2026-03-20,phone,west,premium,3,19.99,59.97,completed
103224,1778,2026-04-23,phone,northeast,enterprise,2,29.99,59.98,completed
103225,1503,2026-04-03,web,south,premium,2,79.99,159.98,completed
103226,1267,2026-03-13,store,south,premium,4,49.99,199.96,completed
103227,1585,2026-06-14,phone,midwest,basic,4,79.99,319.96,completed
103228,1007,2026-02-18,store,midwest,premium,2,79.99,159.98,cancelled
103229,1507,2026-02-21,web,midwest,premium,2,49.99,99.98,completed
103230,1475,2026-02-02,store,south,premium,4,79.99,319.96,completed
103231,1296,2026-01-22,web,west,basic,4,29.99,119.96,completed
103232,1163,2026-04-24,web,northeast,basic,4,29.99,119.96,completed
103233,1484,2026-05-13,phone,west,basic,3,29.99,89.97,completed
103234,1596,2026-01-18,phone,northeast,enterprise,1,29.99,29.99,completed
103235,1071,2026-06-15,phone,west,premium,1,49.99,49.99,completed
103236,1566,2026-04-28,web,midwest,basic,2,29.99,59.98,completed
103237,1558,2026-04-27,web,northeast,basic,3,79.99,239.97,completed
103238,1237,2026-02-06,phone,south,premium,4,19.99,79.96,completed
103239,1103,2026-03-05,web,northeast,basic,4,49.99,199.96,completed
103240,1209,2026-05-18,phone,south,basic,2,49.99,99.98,completed
103241,1553,2026-03-20,web,west,basic,2,19.99,39.98,completed
103242,1467,2026-06-19,store,midwest,basic,3,29.99,89.97,completed
103243,1453,2026-05-03,phone,northeast,basic,1,29.99,29.99,completed
103244,1267,2026-06-25,phone,south,premium,1,79.99,79.99,completed
103245,1385,2026-02-13,store,west,basic,4,29.99,119.96,completed
103246,1774,2026-03-23,phone,midwest,basic,2,29.99,59.98,completed
103247,1386,2026-03-28,web,midwest,premium,3,79.99,239.97,completed
103248,1258,2026-01-16,web,midwest,premium,4,29.99,119.96,refunded
103249,1282,2026-02-23,phone,west,basic,1,19.99,19.99,cancelled
103250,1625,2026-04-12,web,west,premium,1,29.99,29.99,completed
103251,1039,2026-06-12,phone,west,enterprise,3,19.99,59.97,completed
103252,1485,2026-04-08,web,midwest,enterprise,4,19.99,79.96,completed
103253,1219,2026-06-05,web,northeast,premium,3,19.99,59.97,completed
103254,1128,2026-01-02,web,south,premium,4,29.99,119.96,completed
103255,1519,2026-04-04,store,west,basic,1,29.99,29.99,completed
103256,1612,2026-05-21,phone,northeast,premium,2,49.99,99.98,completed
103257,1687,2026-06-18,store,south,premium,2,79.99,159.98,completed
103258,1618,2026-02-28,store,midwest,basic,1,79.99,79.99,completed
103259,1612,2026-03-10,web,northeast,basic,2,49.99,99.98,completed
103260,1259,2026-04-29,web,midwest,premium,2,19.99,39.98,completed
103261,1365,2026-04-02,phone,south,enterprise,4,79.99,319.96,completed
103262,1757,2026-06-30,store,west,basic,3,49.99,149.97,completed
103263,1786,2026-02-14,web,midwest,basic,4,19.99,79.96,completed
103264,1543,2026-05-28,store,northeast,premium,3,49.99,149.97,completed
103265,1648,2026-01-24,web,west,basic,3,29.99,89.97,completed
103266,1523,2026-04-01,web,northeast,premium,2,29.99,59.98,completed
103267,1015,2026-04-04,phone,south,basic,3,19.99,59.97,completed
103268,1128,2026-02-27,web,south,basic,3,19.99,59.97,completed
103269,1574,2026-06-04,web,west,premium,1,29.99,29.99,cancelled
103270,1108,2026-06-03,web,northeast,basic,3,79.99,239.97,completed
103271,1532,2026-05-08,web,northeast,basic,1,79.99,79.99,completed
103272,1669,2026-01-07,phone,northeast,basic,4,29.99,119.96,completed
103273,1268,2026-06-19,store,northeast,basic,2,79.99,159.98,cancelled
103274,1161,2026-02-16,store,south,premium,3,29.99,89.97,completed
103275,1259,2026-02-22,phone,northeast,premium,1,49.99,49.99,completed
103276,1101,2026-02-07,web,south,basic,4,49.99,199.96,completed
103277,1505,2026-02-22,web,northeast,basic,4,49.99,199.96,completed
103278,1734,2026-05-23,web,northeast,basic,4,79.99,319.96,completed
103279,1570,2026-06-03,web,midwest,premium,1,49.99,49.99,completed
103280,1246,2026-02-17,web,midwest,basic,1,19.99,19.99,completed
103281,1639,2026-04-05,store,northeast,premium,2,19.99,39.98,completed
103282,1794,2026-05-27,store,south,premium,3,49.99,149.97,completed
103283,1536,2026-05-17,web,northeast,premium,4,19.99,79.96,completed
103284,1130,2026-03-05,phone,midwest,premium,2,49.99,99.98,completed
103285,1352,2026-04-03,web,northeast,enterprise,1,49.99,49.99,completed
103286,1195,2026-05-05,phone,midwest,enterprise,2,29.99,59.98,completed
103287,1792,2026-06-28,phone,northeast,premium,4,49.99,199.96,completed
103288,1665,2026-02-08,web,west,basic,4,19.99,79.96,completed
103289,1381,2026-01-04,web,northeast,enterprise,2,79.99,159.98,cancelled
103290,1644,2026-05-06,store,south,basic,4,49.99,199.96,completed
103291,1226,2026-01-03,phone,midwest,premium,1,29.99,29.99,completed
103292,1700,2026-03-05,store,west,premium,4,19.99,79.96,completed
103293,1475,2026-01-29,store,midwest,enterprise,3,29.99,89.97,cancelled
103294,1476,2026-04-26,store,midwest,enterprise,3,49.99,149.97,completed
103295,1264,2026-01-11,web,south,basic,4,49.99,199.96,completed
103296,1371,2026-04-07,web,northeast,premium,2,49.99,99.98,completed
103297,1485,2026-04-12,web,south,basic,4,49.99,199.96,completed
103298,1433,2026-06-04,web,northeast,basic,3,19.99,59.97,cancelled
103299,1645,2026-01-21,web,west,basic,1,79.99,79.99,completed
103300,1210,2026-02-08,phone,south,basic,3,49.99,149.97,completed
103301,1571,2026-04-12,phone,south,premium,4,29.99,119.96,completed
103302,1376,2026-02-15,web,midwest,enterprise,4,19.99,79.96,completed
103303,1394,2026-03-07,store,south,premium,2,19.99,39.98,completed
103304,1449,2026-04-01,web,northeast,basic,4,19.99,79.96,completed
103305,1363,2026-06-13,web,south,premium,4,29.99,119.96,cancelled
103306,1456,2026-04-21,phone,south,enterprise,1,79.99,79.99,completed
103307,1724,2026-03-23,phone,west,premium,1,29.99,29.99,completed
103308,1727,2026-05-03,web,northeast,premium,1,29.99,29.99,completed
103309,1225,2026-04-09,web,midwest,enterprise,2,29.99,59.98,refunded
103310,1130,2026-02-04,phone,northeast,basic,2,49.99,99.98,completed
103311,1587,2026-06-08,web,west,enterprise,3,49.99,149.97,completed
103312,1475,2026-06-05,web,northeast,enterprise,2,29.99,59.98,completed
103313,1797,2026-04-13,phone,northeast,enterprise,1,29.99,29.99,completed
103314,1276,2026-05-09,web,south,basic,2,49.99,99.98,completed
103315,1155,2026-01-25,web,south,enterprise,4,49.99,199.96,cancelled
103316,1759,2026-02-12,web,northeast,basic,2,79.99,159.98,completed
103317,1217,2026-03-25,store,northeast,premium,4,29.99,119.96,completed
103318,1189,2026-02-20,store,midwest,premium,3,19.99,59.97,completed
103319,1416,2026-05-10,web,west,basic,4,79.99,319.96,completed
103320,1674,2026-05-06,web,south,basic,1,19.99,19.99,completed
103321,1691,2026-03-10,web,south,premium,3,79.99,239.97,completed
103322,1545,2026-01-09,web,south,premium,3,29.99,89.97,cancelled
103323,1040,2026-01-02,web,south,premium,3,19.99,59.97,completed
103324,1306,2026-06-11,phone,northeast,basic,1,49.99,49.99,completed
103325,1337,2026-06-08,web,northeast,premium,4,79.99,319.96,completed
103326,1313,2026-01-10,web,midwest,basic,3,19.99,59.97,completed
103327,1074,2026-04-24,web,south,premium,1,79.99,79.99,completed
103328,1278,2026-03-17,web,south,basic,3,29.99,89.97,completed
103329,1175,2026-06-13,web,northeast,premium,3,19.99,59.97,completed
103330,1661,2026-03-26,web,midwest,basic,1,19.99,19.99,completed
103331,1272,2026-02-18,phone,northeast,enterprise,2,19.99,39.98,cancelled
103332,1619,2026-03-11,phone,south,premium,3,79.99,239.97,completed
103333,1650,2026-06-26,web,south,premium,2,49.99,99.98,completed
103334,1782,2026-05-11,phone,west,basic,3,49.99,149.97,completed
103335,1288,2026-05-13,web,west,premium,2,49.99,99.98,completed
103336,1723,2026-03-31,web,west,basic,4,29.99,119.96,completed
103337,1271,2026-01-26,phone,midwest,basic,2,19.99,39.98,completed
103338,1065,2026-03-13,web,northeast,premium,2,49.99,99.98,completed
103339,1482,2026-01-05,phone,south,premium,2,49.99,99.98,completed
103340,1247,2026-01-15,phone,south,basic,2,19.99,39.98,completed
103341,1155,2026-05-03,store,midwest,basic,4,29.99,119.96,completed
103342,1046,2026-05-24,store,south,premium,1,79.99,79.99,completed
103343,1453,2026-01-01,web,south,premium,2,79.99,159.98,completed
103344,1200,2026-05-24,store,northeast,basic,1,79.99,79.99,completed
103345,1659,2026-06-14,phone,west,enterprise,3,19.99,59.97,completed
103346,1123,2026-01-03,phone,west,enterprise,1,29.99,29.99,completed
103347,1000,2026-06-29,web,midwest,basic,2,19.99,39.98,completed
103348,1758,2026-02-16,store,west,basic,1,79.99,79.99,completed
103349,1639,2026-04-05,web,west,premium,4,49.99,199.96,completed
103350,1190,2026-01-13,store,midwest,enterprise,4,49.99,199.96,cancelled
103351,1578,2026-04-30,web,midwest,premium,2,49.99,99.98,completed
103352,1515,2026-02-24,phone,west,basic,1,79.99,79.99,completed
103353,1441,2026-05-29,web,northeast,basic,3,29.99,89.97,completed
103354,1142,2026-03-07,web,midwest,basic,4,79.99,319.96,completed
103355,1190,2026-06-04,web,south,premium,2,19.99,39.98,completed
103356,1532,2026-06-15,web,midwest,basic,4,29.99,119.96,cancelled
103357,1226,2026-03-31,web,south,premium,2,49.99,99.98,completed
103358,1312,2026-03-03,web,midwest,basic,1,29.99,29.99,completed
103359,1628,2026-04-12,phone,midwest,basic,1,29.99,29.99,completed
103360,1301,2026-06-23,store,west,basic,1,79.99,79.99,completed
103361,1653,2026-05-19,phone,west,basic,1,29.99,29.99,cancelled
103362,1459,2026-01-08,web,west,enterprise,1,79.99,79.99,completed
103363,1400,2026-04-07,web,northeast,basic,2,19.99,39.98,completed
103364,1550,2026-04-27,web,west,premium,4,29.99,119.96,completed
103365,1392,2026-03-05,store,west,basic,3,29.99,89.97,completed
103366,1763,2026-01-21,store,midwest,basic,4,29.99,119.96,completed
103367,1206,2026-04-25,web,midwest,basic,1,49.99,49.99,completed
103368,1209,2026-03-26,web,northeast,basic,4,79.99,319.96,completed
103369,1114,2026-01-20,store,south,basic,4,79.99,319.96,completed
103370,1736,2026-01-08,store,midwest,enterprise,2,49.99,99.98,completed
103371,1645,2026-02-27,store,midwest,basic,3,79.99,239.97,completed
103372,1250,2026-02-15,store,south,basic,3,19.99,59.97,completed
103373,1218,2026-01-31,web,northeast,premium,1,49.99,49.99,completed
103374,1406,2026-04-03,web,midwest,basic,2,79.99,159.98,completed
103375,1442,2026-01-09,web,west,premium,2,19.99,39.98,completed
103376,1602,2026-01-15,web,northeast,basic,2,79.99,159.98,completed
103377,1353,2026-04-04,web,south,basic,2,49.99,99.98,completed
103378,1557,2026-06-03,web,south,premium,2,79.99,159.98,cancelled
103379,1549,2026-05-18,web,west,enterprise,3,19.99,59.97,completed
103380,1141,2026-01-29,web,west,basic,3,19.99,59.97,completed
103381,1611,2026-03-21,web,west,basic,4,19.99,79.96,completed
103382,1500,2026-02-05,web,northeast,basic,3,79.99,239.97,refunded
103383,1701,2026-03-25,web,south,basic,2,49.99,99.98,completed
103384,1546,2026-04-19,store,west,enterprise,4,79.99,319.96,completed
103385,1658,2026-04-28,store,west,basic,3,29.99,89.97,completed
103386,1541,2026-02-06,web,south,enterprise,4,49.99,199.96,completed
103387,1506,2026-03-27,web,midwest,basic,3,29.99,89.97,completed
103388,1595,2026-03-12,web,northeast,enterprise,1,79.99,79.99,completed
103389,1280,2026-05-31,phone,midwest,premium,3,49.99,149.97,completed
103390,1423,2026-06-18,web,west,enterprise,4,29.99,119.96,completed
103391,1269,2026-04-03,web,northeast,basic,1,79.99,79.99,completed
103392,1153,2026-03-21,store,midwest,premium,2,49.99,99.98,completed
103393,1613,2026-04-12,web,south,premium,4,19.99,79.96,completed
103394,1726,2026-06-05,web,west,premium,2,19.99,39.98,completed
103395,1661,2026-06-25,web,northeast,premium,2,19.99,39.98,completed
103396,1082,2026-06-15,web,northeast,premium,4,29.99,119.96,completed
103397,1621,2026-06-08,web,northeast,enterprise,2,29.99,59.98,completed
103398,1425,2026-01-14,store,northeast,basic,4,79.99,319.96,completed
103399,1274,2026-04-27,web,west,premium,4,19.99,79.96,completed
103400,1712,2026-03-14,phone,west,enterprise,3,29.99,89.97,completed
103401,1283,2026-04-01,web,south,basic,1,19.99,19.99,completed
103402,1172,2026-03-31,web,south,basic,2,79.99,159.98,completed
103403,1326,2026-01-29,web,south,enterprise,2,49.99,99.98,completed
103404,1717,2026-06-28,web,midwest,basic,1,29.99,29.99,completed
103405,1062,2026-02-18,web,south,basic,1,29.99,29.99,completed
103406,1072,2026-06-20,web,west,basic,1,49.99,49.99,completed
103407,1762,2026-03-13,store,midwest,enterprise,1,29.99,29.99,completed
103408,1635,2026-05-13,web,west,enterprise,1,79.99,79.99,completed
103409,1374,2026-02-11,web,midwest,enterprise,3,29.99,89.97,cancelled
103410,1632,2026-05-15,web,south,premium,4,29.99,119.96,completed
103411,1507,2026-02-11,web,south,premium,1,49.99,49.99,completed
103412,1786,2026-06-13,web,south,basic,3,79.99,239.97,completed
103413,1397,2026-04-15,web,midwest,basic,1,19.99,19.99,completed
103414,1119,2026-01-27,web,west,basic,1,19.99,19.99,completed
103415,1436,2026-02-27,web,northeast,basic,2,49.99,99.98,completed
103416,1675,2026-02-15,phone,west,enterprise,2,79.99,159.98,completed
103417,1464,2026-03-07,web,south,premium,2,49.99,99.98,completed
103418,1285,2026-01-25,web,midwest,premium,2,49.99,99.98,completed
103419,1264,2026-03-14,phone,midwest,enterprise,4,19.99,79.96,completed
103420,1319,2026-04-27,store,south,enterprise,4,79.99,319.96,completed
103421,1672,2026-06-04,phone,midwest,premium,2,79.99,159.98,completed
103422,1375,2026-05-09,web,south,basic,2,49.99,99.98,completed
103423,1088,2026-03-28,phone,west,basic,1,19.99,19.99,completed
103424,1653,2026-03-15,phone,midwest,premium,1,79.99,79.99,completed
103425,1202,2026-06-19,web,northeast,basic,2,49.99,99.98,completed
103426,1738,2026-06-29,store,midwest,basic,2,29.99,59.98,completed
103427,1333,2026-06-02,web,south,enterprise,2,19.99,39.98,completed
103428,1221,2026-05-05,store,northeast,basic,1,79.99,79.99,completed
103429,1040,2026-03-08,phone,south,basic,2,79.99,159.98,completed
103430,1707,2026-01-06,phone,midwest,premium,2,79.99,159.98,cancelled
103431,1067,2026-05-05,phone,northeast,premium,4,19.99,79.96,completed
103432,1775,2026-02-27,web,northeast,basic,4,49.99,199.96,completed
103433,1513,2026-03-11,web,midwest,basic,1,29.99,29.99,refunded
103434,1636,2026-02-22,store,northeast,enterprise,4,79.99,319.96,completed
103435,1621,2026-03-07,phone,west,basic,1,19.99,19.99,completed
103436,1597,2026-02-27,store,northeast,premium,3,79.99,239.97,cancelled
103437,1631,2026-03-23,store,northeast,basic,2,49.99,99.98,completed
103438,1126,2026-03-28,store,west,basic,1,29.99,29.99,completed
103439,1254,2026-01-02,phone,south,basic,4,79.99,319.96,completed
103440,1694,2026-05-30,web,south,premium,3,19.99,59.97,completed
103441,1015,2026-02-06,web,west,enterprise,4,49.99,199.96,completed
103442,1476,2026-05-28,phone,northeast,basic,1,29.99,29.99,completed
103443,1061,2026-04-13,web,midwest,basic,3,19.99,59.97,refunded
103444,1431,2026-01-24,web,west,basic,4,79.99,319.96,completed
103445,1669,2026-04-22,web,midwest,premium,3,19.99,59.97,completed
103446,1267,2026-03-06,store,south,basic,2,29.99,59.98,completed
103447,1034,2026-05-09,store,west,basic,2,49.99,99.98,completed
103448,1778,2026-04-27,phone,midwest,basic,3,49.99,149.97,completed
103449,1575,2026-04-26,web,northeast,premium,4,79.99,319.96,completed
103450,1493,2026-04-15,phone,west,enterprise,4,79.99,319.96,completed
103451,1561,2026-01-03,phone,midwest,premium,4,79.99,319.96,completed
103452,1468,2026-02-15,web,west,basic,2,79.99,159.98,completed
103453,1766,2026-02-24,web,west,basic,1,29.99,29.99,completed
103454,1660,2026-03-16,web,south,basic,1,79.99,79.99,completed
103455,1324,2026-02-14,phone,south,basic,3,19.99,59.97,completed
103456,1303,2026-06-03,phone,northeast,premium,4,29.99,119.96,completed
103457,1275,2026-03-18,web,south,basic,3,29.99,89.97,completed
103458,1683,2026-01-24,store,south,basic,1,79.99,79.99,completed
103459,1200,2026-02-04,web,south,premium,1,29.99,29.99,cancelled
103460,1444,2026-01-24,web,midwest,premium,4,19.99,79.96,completed
103461,1323,2026-01-28,web,west,premium,3,29.99,89.97,completed
103462,1034,2026-01-16,web,south,premium,4,29.99,119.96,completed
103463,1481,2026-02-28,web,midwest,premium,1,19.99,19.99,completed
103464,1727,2026-05-24,web,west,premium,1,19.99,19.99,completed
103465,1479,2026-01-15,web,south,premium,4,29.99,119.96,completed
103466,1064,2026-01-11,web,south,basic,3,49.99,149.97,completed
103467,1007,2026-03-20,phone,west,basic,2,29.99,59.98,completed
103468,1300,2026-04-25,web,midwest,enterprise,4,19.99,79.96,completed
103469,1342,2026-03-09,web,midwest,enterprise,1,19.99,19.99,completed
103470,1430,2026-02-12,phone,northeast,premium,2,19.99,39.98,completed
103471,1423,2026-03-10,web,west,premium,4,49.99,199.96,completed
103472,1331,2026-05-21,store,northeast,basic,2,19.99,39.98,completed
103473,1437,2026-05-18,store,midwest,premium,4,79.99,319.96,completed
103474,1587,2026-03-16,web,south,enterprise,1,79.99,79.99,completed
103475,1173,2026-04-13,store,northeast,enterprise,4,49.99,199.96,completed
103476,1558,2026-02-10,phone,midwest,basic,2,19.99,39.98,completed
103477,1526,2026-06-27,store,midwest,basic,3,19.99,59.97,completed
103478,1658,2026-02-28,phone,south,basic,1,79.99,79.99,completed
103479,1025,2026-02-08,web,west,basic,1,79.99,79.99,completed
103480,1604,2026-01-03,store,midwest,basic,2,29.99,59.98,completed
103481,1405,2026-01-07,web,northeast,premium,4,49.99,199.96,completed
103482,1231,2026-02-18,web,south,basic,4,29.99,119.96,completed
103483,1532,2026-01-26,web,west,premium,4,49.99,199.96,completed
103484,1549,2026-06-10,web,west,premium,1,19.99,19.99,completed
103485,1787,2026-04-11,web,west,premium,1,19.99,19.99,completed
103486,1504,2026-06-25,phone,midwest,premium,2,49.99,99.98,cancelled
103487,1668,2026-03-20,store,west,premium,4,29.99,119.96,completed
103488,1178,2026-01-02,web,midwest,premium,4,79.99,319.96,completed
103489,1131,2026-05-07,store,south,basic,2,49.99,99.98,completed
103490,1454,2026-06-09,store,south,enterprise,1,49.99,49.99,completed
103491,1347,2026-05-12,web,west,basic,1,49.99,49.99,cancelled
103492,1539,2026-01-20,web,south,enterprise,3,19.99,59.97,completed
103493,1771,2026-04-27,store,northeast,basic,3,49.99,149.97,completed
103494,1405,2026-06-13,phone,northeast,basic,4,19.99,79.96,completed
103495,1075,2026-02-01,phone,midwest,basic,1,79.99,79.99,refunded
103496,1578,2026-01-28,phone,west,premium,4,79.99,319.96,completed
103497,1491,2026-03-18,web,midwest,basic,1,29.99,29.99,completed
103498,1193,2026-01-01,web,south,premium,3,19.99,59.97,completed
103499,1161,2026-02-25,phone,west,premium,2,79.99,159.98,cancelled
103500,1346,2026-02-04,web,midwest,basic,1,79.99,79.99,completed
103501,1360,2026-04-22,phone,west,premium,3,29.99,89.97,completed
103502,1768,2026-01-30,store,west,basic,3,29.99,89.97,completed
103503,1583,2026-02-23,phone,midwest,premium,1,29.99,29.99,completed
103504,1086,2026-02-05,store,west,premium,4,19.99,79.96,completed
103505,1261,2026-03-21,web,south,basic,1,49.99,49.99,completed
103506,1213,2026-02-27,phone,northeast,enterprise,3,19.99,59.97,completed
103507,1664,2026-03-24,phone,northeast,premium,1,29.99,29.99,completed
103508,1721,2026-03-06,store,west,premium,2,49.99,99.98,completed
103509,1572,2026-03-10,phone,northeast,premium,4,79.99,319.96,completed
103510,1779,2026-05-08,web,west,enterprise,1,19.99,19.99,refunded
103511,1261,2026-02-20,store,midwest,basic,3,29.99,89.97,completed
103512,1729,2026-01-22,phone,south,basic,3,29.99,89.97,completed
103513,1282,2026-04-17,web,northeast,basic,4,49.99,199.96,completed
103514,1647,2026-04-19,phone,midwest,enterprise,1,19.99,19.99,completed
103515,1466,2026-04-26,store,south,basic,3,79.99,239.97,completed
103516,1379,2026-04-11,phone,northeast,enterprise,4,79.99,319.96,completed
103517,1361,2026-06-30,web,northeast,basic,2,49.99,99.98,completed
103518,1448,2026-04-10,store,south,basic,4,49.99,199.96,completed
103519,1440,2026-06-13,phone,midwest,basic,1,79.99,79.99,completed
103520,1092,2026-03-09,web,midwest,premium,1,49.99,49.99,completed
103521,1620,2026-02-05,web,northeast,enterprise,3,49.99,149.97,completed
103522,1752,2026-06-29,web,south,basic,2,19.99,39.98,cancelled
103523,1423,2026-06-30,phone,midwest,premium,1,49.99,49.99,completed
103524,1141,2026-06-27,store,south,basic,3,29.99,89.97,completed
103525,1290,2026-06-18,web,south,premium,4,29.99,119.96,completed
103526,1431,2026-05-26,web,northeast,basic,4,29.99,119.96,completed
103527,1748,2026-01-22,web,south,basic,1,49.99,49.99,completed
103528,1688,2026-03-07,phone,south,premium,2,79.99,159.98,completed
103529,1652,2026-01-21,web,west,premium,3,29.99,89.97,cancelled
103530,1700,2026-04-10,web,south,basic,1,19.99,19.99,completed
103531,1048,2026-05-08,web,midwest,basic,3,49.99,149.97,completed
103532,1301,2026-02-13,phone,northeast,premium,4,79.99,319.96,completed
103533,1189,2026-04-13,web,northeast,premium,3,79.99,239.97,completed
103534,1135,2026-02-16,web,south,enterprise,4,49.99,199.96,completed
103535,1554,2026-02-08,store,south,premium,2,49.99,99.98,completed
103536,1403,2026-01-29,web,midwest,enterprise,2,19.99,39.98,completed
103537,1601,2026-02-23,web,west,basic,4,49.99,199.96,completed
103538,1340,2026-03-31,store,northeast,basic,1,49.99,49.99,completed
103539,1756,2026-03-26,web,west,basic,4,79.99,319.96,completed
103540,1703,2026-01-17,phone,midwest,basic,3,29.99,89.97,completed
103541,1317,2026-03-21,web,northeast,premium,3,29.99,89.97,completed
103542,1617,2026-06-08,phone,midwest,premium,3,79.99,239.97,completed
103543,1362,2026-03-14,web,south,basic,1,49.99,49.99,completed
103544,1381,2026-02-18,store,midwest,premium,2,19.99,39.98,completed
103545,1232,2026-04-11,web,south,premium,2,29.99,59.98,completed
103546,1776,2026-01-02,web,west,premium,3,49.99,149.97,completed
103547,1343,2026-06-25,phone,northeast,basic,1,29.99,29.99,completed
103548,1548,2026-05-22,store,northeast,premium,3,79.99,239.97,completed
103549,1552,2026-02-28,web,west,basic,2,29.99,59.98,cancelled
103550,1528,2026-04-07,store,south,enterprise,4,79.99,319.96,cancelled
103551,1788,2026-04-09,web,northeast,enterprise,3,79.99,239.97,completed
103552,1570,2026-04-13,phone,midwest,basic,3,79.99,239.97,cancelled
103553,1182,2026-06-28,web,south,basic,3,19.99,59.97,completed
103554,1040,2026-01-02,phone,northeast,premium,2,49.99,99.98,completed
103555,1550,2026-02-10,web,midwest,basic,1,79.99,79.99,completed
103556,1396,2026-05-03,web,midwest,basic,4,79.99,319.96,completed
103557,1703,2026-03-23,web,northeast,enterprise,4,29.99,119.96,completed
103558,1778,2026-05-24,web,west,basic,4,49.99,199.96,completed
103559,1493,2026-05-12,store,west,basic,3,19.99,59.97,completed
103560,1658,2026-05-20,store,northeast,premium,2,19.99,39.98,completed
103561,1332,2026-01-29,phone,midwest,basic,4,29.99,119.96,cancelled
103562,1126,2026-05-15,web,west,basic,3,19.99,59.97,completed
103563,1557,2026-01-14,web,west,premium,1,29.99,29.99,completed
103564,1556,2026-01-12,phone,west,basic,3,49.99,149.97,completed
103565,1000,2026-04-09,store,south,premium,4,29.99,119.96,completed
103566,1167,2026-05-13,web,west,enterprise,4,29.99,119.96,completed
103567,1619,2026-03-22,store,northeast,enterprise,1,79.99,79.99,completed
103568,1018,2026-04-16,store,northeast,basic,2,19.99,39.98,cancelled
103569,1331,2026-02-01,store,south,basic,1,49.99,49.99,completed
103570,1583,2026-03-15,web,south,premium,1,49.99,49.99,completed
103571,1455,2026-06-20,web,northeast,premium,4,79.99,319.96,completed
103572,1108,2026-03-22,web,south,enterprise,4,29.99,119.96,cancelled
103573,1267,2026-03-10,web,west,premium,2,49.99,99.98,completed
103574,1444,2026-02-14,web,midwest,basic,4,49.99,199.96,completed
103575,1239,2026-04-16,web,midwest,basic,1,29.99,29.99,completed
103576,1300,2026-05-17,phone,midwest,premium,1,29.99,29.99,completed
103577,1601,2026-06-26,web,northeast,enterprise,2,49.99,99.98,completed
103578,1102,2026-06-10,web,south,basic,4,29.99,119.96,completed
103579,1249,2026-04-10,phone,midwest,premium,4,19.99,79.96,completed
103580,1452,2026-05-26,phone,west,basic,1,49.99,49.99,completed
103581,1519,2026-01-09,phone,west,basic,1,29.99,29.99,completed
103582,1152,2026-03-03,web,west,basic,4,49.99,199.96,completed
103583,1173,2026-01-29,phone,south,enterprise,3,49.99,149.97,completed
103584,1342,2026-05-05,phone,midwest,premium,1,79.99,79.99,completed
103585,1669,2026-04-24,web,west,enterprise,1,19.99,19.99,cancelled
103586,1430,2026-06-02,phone,south,enterprise,1,19.99,19.99,cancelled
103587,1726,2026-05-23,web,west,basic,2,79.99,159.98,refunded
103588,1688,2026-05-14,web,midwest,premium,4,79.99,319.96,completed
103589,1686,2026-04-30,web,midwest,enterprise,4,49.99,199.96,completed
103590,1657,2026-06-19,web,midwest,premium,4,19.99,79.96,completed
103591,1323,2026-06-06,web,midwest,premium,1,79.99,79.99,completed
103592,1672,2026-03-20,store,midwest,basic,4,29.99,119.96,completed
103593,1638,2026-04-03,web,west,premium,4,49.99,199.96,completed
103594,1419,2026-01-04,store,midwest,basic,4,19.99,79.96,completed
103595,1593,2026-03-23,phone,west,basic,2,49.99,99.98,completed
103596,1484,2026-06-26,web,midwest,basic,2,49.99,99.98,completed
103597,1658,2026-06-21,web,west,basic,1,29.99,29.99,completed
103598,1750,2026-03-16,phone,midwest,basic,4,29.99,119.96,completed
103599,1411,2026-01-14,phone,west,basic,1,79.99,79.99,completed
103600,1083,2026-05-11,web,midwest,basic,1,29.99,29.99,completed
103601,1112,2026-04-24,web,south,basic,1,19.99,19.99,refunded
103602,1736,2026-03-03,phone,west,basic,1,79.99,79.99,cancelled
103603,1331,2026-04-16,web,south,premium,1,19.99,19.99,completed
103604,1377,2026-03-05,store,west,premium,1,19.99,19.99,cancelled
103605,1754,2026-04-12,phone,west,premium,2,79.99,159.98,completed
103606,1654,2026-06-22,web,west,enterprise,3,29.99,89.97,completed
103607,1040,2026-04-16,web,northeast,basic,2,49.99,99.98,completed
103608,1769,2026-01-20,web,midwest,basic,1,29.99,29.99,cancelled
103609,1796,2026-02-27,store,south,basic,3,19.99,59.97,completed
103610,1104,2026-04-22,web,south,enterprise,3,19.99,59.97,completed
103611,1201,2026-02-26,web,west,premium,4,79.99,319.96,completed
103612,1449,2026-04-29,phone,south,basic,1,19.99,19.99,completed
103613,1265,2026-04-07,web,south,basic,1,79.99,79.99,completed
103614,1209,2026-04-02,web,south,premium,2,79.99,159.98,completed
103615,1562,2026-02-21,store,south,basic,3,29.99,89.97,completed
103616,1117,2026-02-06,web,northeast,premium,3,19.99,59.97,completed
103617,1712,2026-01-08,store,west,enterprise,1,29.99,29.99,completed
103618,1376,2026-02-13,store,south,premium,4,49.99,199.96,completed
103619,1550,2026-04-08,web,northeast,enterprise,1,29.99,29.99,completed
103620,1539,2026-05-13,web,northeast,basic,3,19.99,59.97,completed
103621,1770,2026-04-28,web,west,premium,4,49.99,199.96,refunded
103622,1083,2026-03-10,phone,midwest,enterprise,4,19.99,79.96,refunded
103623,1453,2026-06-08,web,midwest,premium,3,49.99,149.97,completed
103624,1666,2026-02-14,store,midwest,premium,1,19.99,19.99,completed
103625,1628,2026-05-17,phone,south,premium,1,29.99,29.99,completed
103626,1513,2026-02-01,web,west,enterprise,1,19.99,19.99,completed
103627,1604,2026-02-02,phone,midwest,basic,2,79.99,159.98,refunded
103628,1677,2026-05-06,web,south,basic,2,79.99,159.98,completed
103629,1386,2026-03-08,store,west,basic,4,29.99,119.96,completed
103630,1349,2026-01-30,phone,south,enterprise,1,29.99,29.99,completed
103631,1295,2026-04-24,web,midwest,enterprise,2,49.99,99.98,completed
103632,1257,2026-01-29,web,midwest,basic,4,29.99,119.96,completed
103633,1080,2026-05-11,store,northeast,basic,3,79.99,239.97,cancelled
103634,1267,2026-01-30,phone,northeast,enterprise,3,29.99,89.97,completed
103635,1418,2026-05-17,store,west,basic,1,79.99,79.99,completed
103636,1234,2026-06-03,web,south,basic,3,29.99,89.97,completed
103637,1310,2026-05-10,web,south,basic,3,79.99,239.97,completed
103638,1356,2026-03-03,web,midwest,basic,3,49.99,149.97,completed
103639,1212,2026-01-03,phone,midwest,premium,4,19.99,79.96,completed
103640,1573,2026-06-23,web,west,basic,3,19.99,59.97,completed
103641,1048,2026-03-09,web,northeast,premium,3,79.99,239.97,completed
103642,1126,2026-01-25,phone,midwest,enterprise,4,29.99,119.96,completed
103643,1222,2026-06-28,web,south,basic,2,29.99,59.98,completed
103644,1278,2026-05-21,web,midwest,basic,4,19.99,79.96,completed
103645,1407,2026-02-13,web,northeast,enterprise,2,79.99,159.98,completed
103646,1504,2026-06-12,phone,south,premium,4,29.99,119.96,completed
103647,1293,2026-02-24,web,northeast,basic,1,19.99,19.99,completed
103648,1795,2026-05-17,web,west,basic,3,79.99,239.97,completed
103649,1276,2026-05-10,web,west,basic,2,49.99,99.98,completed
103650,1437,2026-02-10,phone,northeast,premium,4,29.99,119.96,completed
103651,1106,2026-06-21,store,south,basic,2,29.99,59.98,completed
103652,1657,2026-03-05,web,northeast,basic,2,79.99,159.98,completed
103653,1419,2026-01-31,web,midwest,basic,3,19.99,59.97,completed
103654,1610,2026-02-16,store,midwest,premium,2,79.99,159.98,completed
103655,1428,2026-05-10,store,northeast,basic,4,19.99,79.96,completed
103656,1374,2026-04-06,phone,midwest,premium,1,79.99,79.99,completed
103657,1072,2026-03-18,store,northeast,basic,1,49.99,49.99,completed
103658,1633,2026-04-20,phone,midwest,basic,3,29.99,89.97,completed
103659,1029,2026-03-10,phone,northeast,premium,4,19.99,79.96,completed
103660,1187,2026-02-27,web,midwest,premium,4,49.99,199.96,completed
103661,1363,2026-04-16,web,south,premium,1,79.99,79.99,completed
103662,1799,2026-02-13,web,south,premium,4,19.99,79.96,completed
103663,1450,2026-03-15,store,midwest,basic,2,19.99,39.98,completed
103664,1194,2026-02-25,store,northeast,premium,3,49.99,149.97,completed
103665,1155,2026-06-20,phone,midwest,basic,1,79.99,79.99,completed
103666,1171,2026-05-07,web,west,basic,3,49.99,149.97,completed
103667,1040,2026-06-11,web,west,premium,2,79.99,159.98,completed
103668,1062,2026-01-30,web,northeast,enterprise,1,49.99,49.99,cancelled
103669,1022,2026-03-12,web,midwest,premium,4,49.99,199.96,completed
103670,1359,2026-04-28,phone,midwest,premium,4,49.99,199.96,cancelled
103671,1074,2026-02-24,store,south,enterprise,2,49.99,99.98,completed
103672,1559,2026-03-08,web,northeast,basic,1,79.99,79.99,completed
103673,1671,2026-05-21,web,west,enterprise,3,29.99,89.97,completed
103674,1117,2026-01-03,phone,west,premium,1,49.99,49.99,completed
103675,1611,2026-01-26,web,northeast,premium,4,79.99,319.96,completed
103676,1379,2026-02-26,store,west,premium,1,29.99,29.99,completed
103677,1678,2026-05-06,web,northeast,premium,1,19.99,19.99,completed
103678,1289,2026-06-01,web,west,premium,4,19.99,79.96,completed
103679,1439,2026-02-22,web,west,basic,4,49.99,199.96,cancelled
103680,1667,2026-02-12,web,northeast,enterprise,3,19.99,59.97,completed
103681,1006,2026-02-18,phone,northeast,basic,1,49.99,49.99,completed
103682,1195,2026-02-11,web,west,basic,4,49.99,199.96,cancelled
103683,1420,2026-01-11,web,west,basic,2,29.99,59.98,completed
103684,1567,2026-04-13,web,south,basic,4,19.99,79.96,completed
103685,1192,2026-04-08,web,midwest,basic,3,49.99,149.97,completed
103686,1558,2026-05-26,web,northeast,basic,3,19.99,59.97,refunded
103687,1147,2026-03-26,web,northeast,basic,2,29.99,59.98,completed
103688,1786,2026-04-10,phone,midwest,basic,3,19.99,59.97,completed
103689,1668,2026-04-14,store,south,basic,1,29.99,29.99,completed
103690,1201,2026-06-29,web,west,basic,3,29.99,89.97,completed
103691,1443,2026-02-15,web,west,enterprise,2,29.99,59.98,completed
103692,1418,2026-02-13,web,south,basic,3,49.99,149.97,completed
103693,1426,2026-01-22,web,south,basic,2,79.99,159.98,completed
103694,1478,2026-06-30,phone,midwest,basic,3,49.99,149.97,completed
103695,1474,2026-04-24,store,midwest,basic,4,19.99,79.96,completed
103696,1125,2026-05-05,phone,west,premium,2,49.99,99.98,completed
103697,1394,2026-05-04,web,south,basic,3,49.99,149.97,completed
103698,1575,2026-01-30,web,south,basic,1,79.99,79.99,completed
103699,1324,2026-01-08,store,west,basic,2,19.99,39.98,completed
103700,1391,2026-04-08,web,west,premium,2,29.99,59.98,completed
103701,1687,2026-02-26,web,west,premium,3,29.99,89.97,cancelled
103702,1627,2026-04-21,store,west,basic,4,19.99,79.96,completed
103703,1439,2026-03-14,phone,west,basic,4,49.99,199.96,completed
103704,1203,2026-04-25,phone,midwest,basic,3,79.99,239.97,completed
103705,1485,2026-01-20,web,west,premium,3,79.99,239.97,cancelled
103706,1030,2026-01-25,web,south,basic,1,19.99,19.99,completed
103707,1387,2026-01-19,web,northeast,basic,3,19.99,59.97,completed
103708,1624,2026-01-05,phone,midwest,basic,2,49.99,99.98,completed
103709,1433,2026-03-16,web,south,basic,3,79.99,239.97,completed
103710,1375,2026-05-08,store,northeast,basic,1,19.99,19.99,completed
103711,1343,2026-03-13,store,midwest,basic,3,49.99,149.97,completed
103712,1442,2026-06-04,web,west,basic,3,49.99,149.97,completed
103713,1578,2026-02-09,web,midwest,basic,2,19.99,39.98,completed
103714,1074,2026-01-26,web,west,premium,4,79.99,319.96,completed
103715,1556,2026-01-27,phone,west,basic,3,29.99,89.97,completed
103716,1771,2026-03-24,phone,west,premium,1,49.99,49.99,completed
103717,1665,2026-05-08,phone,northeast,premium,3,29.99,89.97,completed
103718,1154,2026-06-27,web,midwest,premium,3,49.99,149.97,cancelled
103719,1429,2026-06-19,web,west,enterprise,2,79.99,159.98,completed
103720,1362,2026-06-06,phone,south,basic,4,29.99,119.96,completed
103721,1447,2026-06-16,web,midwest,basic,4,19.99,79.96,completed
103722,1233,2026-06-18,phone,south,premium,4,49.99,199.96,completed
103723,1562,2026-02-02,phone,northeast,premium,3,19.99,59.97,completed
103724,1261,2026-04-07,web,northeast,premium,2,19.99,39.98,cancelled
103725,1124,2026-04-21,web,midwest,basic,2,79.99,159.98,completed
103726,1244,2026-01-16,web,northeast,premium,3,19.99,59.97,completed
103727,1541,2026-01-23,web,northeast,enterprise,2,49.99,99.98,completed
103728,1484,2026-05-15,phone,midwest,basic,4,19.99,79.96,completed
103729,1121,2026-01-26,phone,south,enterprise,2,19.99,39.98,completed
103730,1124,2026-04-06,store,west,basic,3,49.99,149.97,completed
103731,1548,2026-01-12,phone,midwest,basic,3,19.99,59.97,cancelled
103732,1169,2026-03-13,web,midwest,basic,1,79.99,79.99,completed
103733,1123,2026-05-13,web,west,basic,1,49.99,49.99,completed
103734,1034,2026-04-16,store,south,premium,2,79.99,159.98,completed
103735,1086,2026-04-27,web,west,premium,2,19.99,39.98,completed
103736,1645,2026-06-26,phone,west,premium,3,29.99,89.97,completed
103737,1707,2026-01-26,phone,south,basic,1,79.99,79.99,completed
103738,1785,2026-05-13,web,south,basic,1,79.99,79.99,completed
103739,1200,2026-01-22,web,west,basic,4,19.99,79.96,completed
103740,1368,2026-01-13,phone,west,enterprise,4,29.99,119.96,completed
103741,1796,2026-06-05,store,midwest,basic,3,49.99,149.97,completed
103742,1076,2026-06-10,web,south,enterprise,3,29.99,89.97,completed
103743,1058,2026-04-17,store,northeast,basic,3,49.99,149.97,refunded
103744,1430,2026-01-23,phone,south,basic,3,19.99,59.97,completed
103745,1637,2026-04-07,store,west,basic,1,29.99,29.99,completed
103746,1499,2026-01-18,web,west,basic,3,19.99,59.97,refunded
103747,1108,2026-04-27,web,west,enterprise,3,79.99,239.97,completed
103748,1735,2026-01-30,store,west,premium,1,29.99,29.99,completed
103749,1277,2026-01-26,store,northeast,enterprise,4,49.99,199.96,completed
103750,1067,2026-05-24,web,south,premium,3,79.99,239.97,completed
103751,1068,2026-02-08,phone,northeast,premium,4,49.99,199.96,completed
103752,1164,2026-06-10,store,northeast,premium,1,79.99,79.99,completed
103753,1488,2026-06-03,web,west,premium,4,49.99,199.96,completed
103754,1304,2026-06-25,phone,northeast,premium,1,49.99,49.99,completed
103755,1673,2026-06-15,store,west,basic,3,19.99,59.97,completed
103756,1364,2026-05-10,web,west,basic,4,79.99,319.96,cancelled
103757,1378,2026-04-23,web,west,premium,3,19.99,59.97,completed
103758,1342,2026-05-14,phone,northeast,basic,2,19.99,39.98,completed
103759,1553,2026-02-15,web,west,basic,2,19.99,39.98,completed
103760,1353,2026-02-19,web,northeast,enterprise,4,19.99,79.96,completed
103761,1415,2026-06-15,store,south,basic,1,49.99,49.99,completed
103762,1108,2026-04-16,phone,west,premium,4,19.99,79.96,completed
103763,1562,2026-05-26,store,midwest,basic,1,19.99,19.99,completed
103764,1761,2026-06-04,store,midwest,premium,2,19.99,39.98,completed
103765,1496,2026-06-18,web,midwest,basic,1,49.99,49.99,completed
103766,1340,2026-03-13,web,midwest,enterprise,2,79.99,159.98,cancelled
103767,1382,2026-03-15,web,midwest,enterprise,4,49.99,199.96,completed
103768,1532,2026-01-17,web,northeast,enterprise,3,49.99,149.97,refunded
103769,1299,2026-06-06,phone,south,basic,3,49.99,149.97,completed
103770,1138,2026-03-11,phone,northeast,basic,3,79.99,239.97,completed
103771,1358,2026-05-30,web,west,enterprise,1,19.99,19.99,completed
103772,1498,2026-01-06,web,south,premium,3,19.99,59.97,completed
103773,1384,2026-01-26,web,south,enterprise,1,79.99,79.99,completed
103774,1603,2026-06-16,web,south,premium,3,79.99,239.97,completed
103775,1279,2026-05-20,web,south,basic,1,29.99,29.99,completed
103776,1636,2026-04-09,web,midwest,basic,1,19.99,19.99,completed
103777,1482,2026-05-22,phone,west,premium,2,49.99,99.98,completed
103778,1110,2026-01-22,web,south,premium,2,49.99,99.98,completed
103779,1138,2026-02-20,web,south,basic,4,19.99,79.96,completed
103780,1434,2026-05-31,phone,midwest,basic,2,79.99,159.98,completed
103781,1508,2026-06-25,web,northeast,premium,1,29.99,29.99,completed
103782,1272,2026-04-14,phone,northeast,premium,2,49.99,99.98,completed
103783,1098,2026-06-27,web,northeast,basic,2,29.99,59.98,completed
103784,1763,2026-03-30,web,west,basic,2,49.99,99.98,completed
103785,1103,2026-05-21,web,northeast,basic,1,49.99,49.99,completed
103786,1213,2026-05-18,store,south,basic,1,19.99,19.99,completed
103787,1760,2026-01-09,web,midwest,enterprise,4,49.99,199.96,completed
103788,1663,2026-03-20,store,midwest,premium,2,29.99,59.98,completed
103789,1761,2026-02-21,web,northeast,premium,2,29.99,59.98,completed
103790,1786,2026-05-10,web,midwest,premium,1,19.99,19.99,completed
103791,1164,2026-06-02,web,south,basic,4,49.99,199.96,completed
103792,1519,2026-01-13,web,northeast,premium,4,29.99,119.96,completed
103793,1283,2026-02-20,web,south,enterprise,1,79.99,79.99,completed
103794,1516,2026-02-03,web,west,premium,2,19.99,39.98,cancelled
103795,1656,2026-02-04,web,south,basic,4,79.99,319.96,completed
103796,1612,2026-05-11,web,south,premium,4,29.99,119.96,completed
103797,1163,2026-04-30,web,south,enterprise,2,79.99,159.98,completed
103798,1658,2026-03-11,web,south,basic,4,19.99,79.96,completed
103799,1063,2026-06-25,web,west,basic,2,79.99,159.98,completed
103800,1090,2026-05-27,phone,northeast,enterprise,4,29.99,119.96,completed
103801,1116,2026-03-08,store,south,enterprise,4,79.99,319.96,completed
103802,1266,2026-04-13,web,northeast,basic,1,79.99,79.99,completed
103803,1684,2026-03-14,web,midwest,basic,4,79.99,319.96,completed
103804,1558,2026-04-26,web,south,basic,2,49.99,99.98,completed
103805,1139,2026-05-13,store,south,basic,4,29.99,119.96,completed
103806,1245,2026-03-08,web,midwest,enterprise,1,79.99,79.99,completed
103807,1660,2026-05-19,phone,northeast,basic,4,29.99,119.96,completed
103808,1757,2026-05-01,web,west,basic,3,79.99,239.97,cancelled
103809,1394,2026-04-04,web,south,enterprise,2,19.99,39.98,completed
103810,1486,2026-05-09,web,midwest,basic,3,19.99,59.97,completed
103811,1475,2026-04-01,web,midwest,premium,1,19.99,19.99,cancelled
103812,1516,2026-04-02,store,south,basic,3,79.99,239.97,completed
103813,1183,2026-03-04,web,northeast,premium,4,29.99,119.96,completed
103814,1019,2026-01-29,phone,northeast,enterprise,2,19.99,39.98,completed
103815,1557,2026-01-12,phone,south,basic,3,49.99,149.97,completed
103816,1523,2026-03-18,phone,midwest,premium,4,19.99,79.96,cancelled
103817,1581,2026-02-10,web,south,enterprise,3,19.99,59.97,completed
103818,1528,2026-05-10,web,west,enterprise,4,49.99,199.96,completed
103819,1146,2026-02-06,web,west,basic,4,19.99,79.96,completed
103820,1665,2026-06-22,web,northeast,basic,3,79.99,239.97,completed
103821,1303,2026-06-25,phone,west,basic,1,79.99,79.99,completed
103822,1619,2026-01-24,web,midwest,basic,2,19.99,39.98,completed
103823,1747,2026-04-09,phone,west,basic,1,29.99,29.99,completed
103824,1581,2026-05-30,web,south,basic,3,29.99,89.97,refunded
103825,1694,2026-04-10,store,midwest,premium,4,19.99,79.96,completed
103826,1761,2026-05-19,web,northeast,premium,3,49.99,149.97,completed
103827,1227,2026-02-27,web,northeast,enterprise,4,79.99,319.96,completed
103828,1101,2026-06-23,store,west,premium,4,79.99,319.96,completed
103829,1586,2026-01-29,web,northeast,basic,1,79.99,79.99,completed
103830,1416,2026-06-12,store,south,premium,1,19.99,19.99,completed
103831,1215,2026-05-23,web,midwest,premium,3,79.99,239.97,completed
103832,1406,2026-03-01,web,south,basic,2,19.99,39.98,completed
103833,1398,2026-04-05,phone,south,basic,1,19.99,19.99,completed
103834,1714,2026-02-11,store,south,enterprise,4,29.99,119.96,completed
103835,1703,2026-02-12,web,south,basic,3,49.99,149.97,completed
103836,1760,2026-03-15,store,midwest,enterprise,3,49.99,149.97,cancelled
103837,1498,2026-06-26,phone,midwest,enterprise,2,49.99,99.98,completed
103838,1753,2026-06-09,store,south,basic,3,79.99,239.97,completed
103839,1464,2026-03-05,web,south,premium,1,29.99,29.99,cancelled
103840,1690,2026-01-02,web,northeast,basic,4,29.99,119.96,completed
103841,1730,2026-06-01,store,northeast,enterprise,3,19.99,59.97,completed
103842,1081,2026-03-07,store,midwest,premium,3,29.99,89.97,completed
103843,1603,2026-06-15,web,northeast,basic,4,19.99,79.96,completed
103844,1686,2026-01-31,web,midwest,premium,3,29.99,89.97,completed
103845,1750,2026-04-25,web,midwest,premium,3,19.99,59.97,completed
103846,1771,2026-01-26,phone,west,basic,2,79.99,159.98,completed
103847,1364,2026-01-29,web,midwest,enterprise,1,29.99,29.99,completed
103848,1162,2026-03-19,web,northeast,basic,3,49.99,149.97,completed
103849,1047,2026-01-25,web,west,premium,1,19.99,19.99,completed
103850,1510,2026-02-17,phone,northeast,basic,2,29.99,59.98,completed
103851,1328,2026-03-06,web,midwest,premium,1,29.99,29.99,completed
103852,1115,2026-06-30,web,midwest,premium,2,19.99,39.98,completed
103853,1336,2026-03-08,phone,south,premium,1,29.99,29.99,completed
103854,1736,2026-03-31,phone,midwest,premium,1,49.99,49.99,completed
103855,1146,2026-05-26,web,west,premium,3,19.99,59.97,completed
103856,1574,2026-05-17,web,midwest,basic,1,19.99,19.99,completed
103857,1322,2026-02-07,phone,south,basic,3,19.99,59.97,completed
103858,1442,2026-03-28,store,midwest,basic,3,19.99,59.97,completed
103859,1012,2026-05-29,phone,midwest,basic,1,19.99,19.99,refunded
103860,1493,2026-03-06,store,midwest,basic,3,49.99,149.97,completed
103861,1700,2026-05-29,phone,south,enterprise,1,19.99,19.99,completed
103862,1286,2026-01-27,phone,northeast,enterprise,4,49.99,199.96,completed
103863,1719,2026-04-16,web,midwest,basic,3,49.99,149.97,completed
103864,1113,2026-05-03,web,west,basic,4,49.99,199.96,completed
103865,1479,2026-02-13,web,south,basic,4,19.99,79.96,completed
103866,1021,2026-04-10,web,west,premium,3,49.99,149.97,completed
103867,1348,2026-01-28,web,midwest,basic,2,19.99,39.98,completed
103868,1725,2026-06-22,web,south,premium,2,49.99,99.98,completed
103869,1682,2026-01-17,phone,midwest,premium,4,19.99,79.96,refunded
103870,1565,2026-05-07,web,west,premium,4,29.99,119.96,refunded
103871,1319,2026-05-03,web,south,basic,1,29.99,29.99,completed
103872,1125,2026-06-17,store,northeast,basic,4,49.99,199.96,completed
103873,1276,2026-05-11,web,northeast,basic,3,79.99,239.97,cancelled
103874,1203,2026-03-17,web,northeast,basic,2,79.99,159.98,completed
103875,1193,2026-02-15,web,midwest,enterprise,2,29.99,59.98,completed
103876,1680,2026-06-07,store,south,basic,2,49.99,99.98,completed
103877,1663,2026-03-10,web,west,basic,3,49.99,149.97,completed
103878,1546,2026-05-17,phone,west,enterprise,1,49.99,49.99,completed
103879,1695,2026-03-26,web,midwest,basic,3,79.99,239.97,completed
103880,1285,2026-01-11,web,midwest,basic,3,29.99,89.97,completed
103881,1056,2026-03-10,web,west,enterprise,2,49.99,99.98,cancelled
103882,1733,2026-04-09,phone,south,premium,3,29.99,89.97,completed
103883,1302,2026-04-01,store,midwest,basic,4,29.99,119.96,completed
103884,1162,2026-06-08,phone,south,premium,3,19.99,59.97,completed
103885,1018,2026-06-10,phone,west,premium,2,79.99,159.98,completed
103886,1369,2026-06-16,web,south,basic,2,29.99,59.98,completed
103887,1263,2026-04-04,phone,northeast,premium,3,19.99,59.97,completed
103888,1793,2026-06-23,web,west,premium,4,79.99,319.96,completed
103889,1112,2026-06-14,phone,northeast,enterprise,4,49.99,199.96,completed
103890,1487,2026-04-25,web,west,enterprise,2,49.99,99.98,completed
103891,1326,2026-01-31,web,northeast,basic,4,19.99,79.96,completed
103892,1541,2026-01-11,web,south,premium,4,49.99,199.96,completed
103893,1646,2026-03-28,web,west,basic,1,19.99,19.99,completed
103894,1578,2026-05-01,web,west,basic,1,19.99,19.99,completed
103895,1064,2026-05-10,phone,northeast,basic,4,49.99,199.96,completed
103896,1291,2026-04-15,web,south,premium,4,79.99,319.96,completed
103897,1024,2026-01-27,web,west,premium,1,19.99,19.99,cancelled
103898,1548,2026-01-02,phone,midwest,basic,1,79.99,79.99,completed
103899,1000,2026-04-13,web,northeast,premium,1,79.99,79.99,completed
103900,1548,2026-04-11,phone,west,premium,2,19.99,39.98,completed
103901,1140,2026-01-21,phone,south,premium,2,79.99,159.98,completed
103902,1743,2026-02-27,store,south,basic,1,19.99,19.99,completed
103903,1647,2026-05-13,phone,south,premium,1,49.99,49.99,completed
103904,1187,2026-06-29,web,south,enterprise,1,49.99,49.99,refunded
103905,1127,2026-06-22,web,northeast,basic,2,49.99,99.98,completed
103906,1200,2026-03-26,web,west,basic,2,49.99,99.98,cancelled
103907,1126,2026-04-03,store,northeast,enterprise,4,49.99,199.96,completed
103908,1256,2026-01-20,web,northeast,premium,3,79.99,239.97,completed
103909,1675,2026-03-02,web,south,premium,4,79.99,319.96,completed
103910,1546,2026-02-07,web,midwest,basic,3,79.99,239.97,completed
103911,1193,2026-05-28,store,south,premium,3,29.99,89.97,refunded
103912,1702,2026-01-25,web,midwest,basic,3,29.99,89.97,completed
103913,1103,2026-05-10,store,northeast,basic,4,19.99,79.96,completed
103914,1534,2026-05-01,web,south,basic,2,29.99,59.98,completed
103915,1264,2026-06-09,web,south,basic,2,49.99,99.98,completed
103916,1383,2026-01-26,web,northeast,premium,2,49.99,99.98,completed
103917,1259,2026-06-18,store,south,enterprise,2,49.99,99.98,completed
103918,1413,2026-03-08,store,west,basic,4,19.99,79.96,completed
103919,1357,2026-01-01,web,midwest,premium,1,19.99,19.99,completed
103920,1074,2026-02-20,web,midwest,basic,3,19.99,59.97,completed
103921,1354,2026-01-05,phone,midwest,basic,2,19.99,39.98,completed
103922,1583,2026-01-13,web,south,enterprise,2,79.99,159.98,completed
103923,1770,2026-05-27,web,west,basic,4,19.99,79.96,cancelled
103924,1187,2026-05-20,web,south,basic,3,19.99,59.97,completed
103925,1684,2026-02-17,web,midwest,basic,2,29.99,59.98,completed
103926,1289,2026-06-02,web,south,premium,1,79.99,79.99,completed
103927,1044,2026-02-26,web,midwest,basic,2,49.99,99.98,completed
103928,1572,2026-04-25,web,northeast,basic,3,29.99,89.97,completed
103929,1082,2026-02-04,store,midwest,premium,1,19.99,19.99,completed
103930,1122,2026-03-17,web,northeast,basic,4,49.99,199.96,completed
103931,1357,2026-04-04,phone,northeast,basic,1,49.99,49.99,completed
103932,1527,2026-01-05,web,northeast,basic,3,49.99,149.97,completed
103933,1065,2026-01-22,phone,midwest,basic,3,29.99,89.97,completed
103934,1656,2026-04-13,web,west,premium,1,79.99,79.99,completed
103935,1374,2026-06-24,phone,midwest,premium,2,79.99,159.98,completed
103936,1161,2026-05-11,web,south,premium,3,49.99,149.97,completed
103937,1745,2026-05-04,store,south,basic,1,19.99,19.99,refunded
103938,1379,2026-02-22,web,west,basic,3,79.99,239.97,completed
103939,1655,2026-06-08,web,west,basic,2,79.99,159.98,completed
103940,1357,2026-03-10,store,west,basic,2,19.99,39.98,completed
103941,1187,2026-04-14,phone,northeast,basic,1,29.99,29.99,completed
103942,1321,2026-06-10,web,west,basic,4,29.99,119.96,completed
103943,1449,2026-06-27,store,west,basic,4,19.99,79.96,completed
103944,1473,2026-01-16,web,west,premium,2,29.99,59.98,completed
103945,1012,2026-04-26,web,midwest,basic,4,49.99,199.96,completed
103946,1183,2026-03-17,store,south,basic,2,79.99,159.98,completed
103947,1110,2026-04-19,web,south,basic,4,29.99,119.96,cancelled
103948,1507,2026-02-08,store,west,basic,2,49.99,99.98,completed
103949,1289,2026-03-30,web,south,premium,3,49.99,149.97,completed
103950,1294,2026-06-23,phone,midwest,basic,1,49.99,49.99,completed
103951,1450,2026-04-22,web,south,basic,1,49.99,49.99,completed
103952,1214,2026-02-16,store,northeast,basic,4,49.99,199.96,completed
103953,1631,2026-06-21,phone,midwest,basic,1,19.99,19.99,completed
103954,1566,2026-05-17,web,south,premium,4,79.99,319.96,completed
103955,1026,2026-05-08,phone,south,enterprise,2,79.99,159.98,completed
103956,1629,2026-06-27,web,midwest,basic,3,19.99,59.97,completed
103957,1732,2026-03-18,phone,south,premium,1,19.99,19.99,completed
103958,1230,2026-01-15,store,south,basic,3,49.99,149.97,completed
103959,1564,2026-02-05,web,west,basic,1,29.99,29.99,completed
103960,1320,2026-03-04,phone,northeast,basic,2,79.99,159.98,completed
103961,1232,2026-03-10,web,midwest,enterprise,1,29.99,29.99,completed
103962,1669,2026-06-18,web,west,basic,1,79.99,79.99,completed
103963,1436,2026-03-15,web,south,enterprise,2,49.99,99.98,completed
103964,1780,2026-01-24,phone,midwest,basic,4,29.99,119.96,completed
103965,1532,2026-02-18,web,midwest,basic,4,79.99,319.96,completed
103966,1402,2026-05-26,phone,northeast,premium,2,79.99,159.98,completed
103967,1052,2026-01-07,web,northeast,enterprise,4,49.99,199.96,completed
103968,1786,2026-01-04,phone,midwest,premium,1,29.99,29.99,completed
103969,1312,2026-03-31,web,northeast,premium,3,49.99,149.97,cancelled
103970,1280,2026-03-01,store,northeast,basic,2,29.99,59.98,completed
103971,1725,2026-02-24,web,south,basic,1,29.99,29.99,completed
103972,1030,2026-01-16,web,northeast,basic,2,79.99,159.98,completed
103973,1336,2026-01-29,web,northeast,basic,3,19.99,59.97,completed
103974,1182,2026-05-31,phone,west,enterprise,1,29.99,29.99,cancelled
103975,1022,2026-01-14,web,south,premium,1,29.99,29.99,completed
103976,1543,2026-03-20,phone,south,premium,3,49.99,149.97,completed
103977,1445,2026-06-26,web,midwest,basic,3,29.99,89.97,completed
103978,1073,2026-02-02,phone,northeast,premium,4,29.99,119.96,refunded
103979,1009,2026-06-02,web,west,enterprise,1,29.99,29.99,completed
103980,1483,2026-01-21,web,west,basic,3,29.99,89.97,completed
103981,1455,2026-05-25,web,south,basic,3,29.99,89.97,completed
103982,1565,2026-01-23,web,northeast,premium,1,19.99,19.99,completed
103983,1563,2026-02-26,web,west,premium,4,79.99,319.96,completed
103984,1659,2026-05-22,store,midwest,enterprise,2,29.99,59.98,completed
103985,1159,2026-04-03,store,northeast,basic,4,49.99,199.96,completed
103986,1013,2026-01-20,phone,northeast,basic,3,49.99,149.97,completed
103987,1177,2026-06-07,web,northeast,basic,2,29.99,59.98,cancelled
103988,1411,2026-01-19,web,west,basic,2,29.99,59.98,completed
103989,1052,2026-06-30,phone,south,premium,4,29.99,119.96,completed
103990,1407,2026-04-13,web,south,basic,2,19.99,39.98,completed
103991,1021,2026-03-18,store,midwest,enterprise,3,79.99,239.97,refunded
103992,1029,2026-05-31,web,west,enterprise,1,49.99,49.99,completed
103993,1702,2026-02-02,store,northeast,basic,1,19.99,19.99,completed
103994,1259,2026-01-18,web,midwest,basic,1,19.99,19.99,completed
103995,1204,2026-03-14,phone,midwest,premium,4,29.99,119.96,completed
103996,1058,2026-06-10,web,south,premium,1,79.99,79.99,completed
103997,1470,2026-06-09,store,northeast,basic,1,29.99,29.99,completed
103998,1775,2026-01-17,web,northeast,basic,1,49.99,49.99,completed
103999,1465,2026-01-19,phone,west,premium,2,79.99,159.98,completed
104000,1011,2026-03-11,store,west,premium,2,29.99,59.98,completed
104001,1630,2026-04-30,web,west,basic,2,49.99,99.98,completed
104002,1289,2026-04-11,web,midwest,premium,3,19.99,59.97,completed
104003,1759,2026-02-03,web,northeast,enterprise,3,49.99,149.97,completed
104004,1353,2026-03-25,web,south,basic,3,49.99,149.97,completed
104005,1638,2026-06-02,web,midwest,premium,1,49.99,49.99,completed
104006,1074,2026-03-15,web,midwest,basic,2,79.99,159.98,completed
104007,1715,2026-03-29,web,south,basic,3,19.99,59.97,completed
104008,1560,2026-03-26,phone,south,basic,4,79.99,319.96,completed
104009,1590,2026-01-11,phone,west,basic,2,19.99,39.98,completed
104010,1440,2026-04-01,web,south,premium,1,29.99,29.99,completed
104011,1240,2026-05-24,store,south,premium,2,29.99,59.98,completed
104012,1153,2026-05-07,store,south,basic,1,49.99,49.99,completed
104013,1785,2026-04-23,web,south,basic,3,49.99,149.97,refunded
104014,1095,2026-03-21,web,west,premium,1,79.99,79.99,completed
104015,1725,2026-01-07,web,midwest,basic,1,19.99,19.99,completed
104016,1293,2026-01-16,phone,northeast,basic,4,19.99,79.96,completed
104017,1208,2026-01-16,phone,northeast,premium,2,19.99,39.98,cancelled
104018,1342,2026-06-17,web,midwest,enterprise,1,49.99,49.99,completed
104019,1087,2026-01-12,phone,northeast,basic,4,49.99,199.96,completed
104020,1775,2026-02-04,web,northeast,premium,4,19.99,79.96,completed
104021,1389,2026-01-21,web,midwest,basic,4,49.99,199.96,completed
104022,1324,2026-06-27,phone,northeast,premium,3,19.99,59.97,completed
104023,1156,2026-06-20,phone,northeast,premium,3,79.99,239.97,completed
104024,1667,2026-01-17,web,midwest,premium,1,29.99,29.99,completed
104025,1650,2026-02-01,web,northeast,premium,2,19.99,39.98,completed
104026,1632,2026-02-10,store,south,basic,3,49.99,149.97,completed
104027,1576,2026-05-14,phone,midwest,basic,3,79.99,239.97,completed
104028,1618,2026-01-27,phone,west,basic,1,49.99,49.99,completed
104029,1658,2026-05-28,web,northeast,premium,1,49.99,49.99,completed
104030,1136,2026-06-02,web,west,enterprise,3,49.99,149.97,completed
104031,1673,2026-03-07,web,northeast,premium,1,19.99,19.99,completed
104032,1427,2026-05-17,web,south,premium,4,79.99,319.96,completed
104033,1451,2026-04-02,phone,midwest,basic,1,19.99,19.99,completed
104034,1611,2026-06-30,web,west,basic,4,29.99,119.96,completed
104035,1140,2026-03-02,web,midwest,basic,3,19.99,59.97,completed
104036,1082,2026-06-15,web,west,basic,2,29.99,59.98,cancelled
104037,1176,2026-01-03,web,northeast,basic,4,79.99,319.96,completed
104038,1197,2026-04-13,store,south,premium,2,79.99,159.98,completed
104039,1623,2026-02-24,phone,west,basic,3,19.99,59.97,completed
104040,1567,2026-01-01,web,west,premium,1,19.99,19.99,completed
104041,1690,2026-04-11,phone,south,premium,4,49.99,199.96,completed
104042,1420,2026-02-14,phone,south,basic,4,29.99,119.96,completed
104043,1400,2026-06-24,phone,south,premium,3,49.99,149.97,completed
104044,1697,2026-01-26,web,south,basic,3,49.99,149.97,cancelled
104045,1470,2026-05-01,web,south,basic,1,79.99,79.99,completed
104046,1217,2026-05-22,web,midwest,basic,2,19.99,39.98,completed
104047,1728,2026-02-15,store,northeast,basic,4,79.99,319.96,completed
104048,1631,2026-05-02,phone,northeast,premium,2,19.99,39.98,completed
104049,1174,2026-01-31,web,west,enterprise,4,79.99,319.96,completed
104050,1022,2026-02-28,web,south,basic,4,79.99,319.96,completed
104051,1724,2026-01-29,web,midwest,basic,1,79.99,79.99,completed
104052,1234,2026-04-16,web,midwest,basic,4,29.99,119.96,completed
104053,1012,2026-01-17,store,west,premium,4,79.99,319.96,completed
104054,1100,2026-05-22,web,south,basic,3,29.99,89.97,completed
104055,1535,2026-06-13,web,northeast,premium,1,79.99,79.99,completed
104056,1522,2026-01-24,store,south,premium,3,19.99,59.97,completed
104057,1784,2026-04-19,web,midwest,basic,4,29.99,119.96,completed
104058,1451,2026-04-01,phone,south,enterprise,1,19.99,19.99,completed
104059,1430,2026-01-25,web,northeast,basic,4,19.99,79.96,completed
104060,1792,2026-02-01,phone,northeast,enterprise,1,19.99,19.99,completed
104061,1605,2026-04-26,web,west,basic,2,29.99,59.98,completed
104062,1712,2026-03-23,phone,midwest,basic,2,49.99,99.98,completed
104063,1532,2026-04-20,web,south,premium,1,29.99,29.99,completed
104064,1722,2026-05-26,web,south,premium,4,49.99,199.96,completed
104065,1651,2026-02-06,phone,west,premium,1,29.99,29.99,completed
104066,1292,2026-01-26,web,west,basic,4,79.99,319.96,completed
104067,1100,2026-05-17,phone,west,enterprise,2,49.99,99.98,completed
104068,1501,2026-03-05,web,midwest,basic,4,79.99,319.96,completed
104069,1303,2026-03-13,web,south,basic,3,49.99,149.97,completed
104070,1539,2026-05-28,phone,west,basic,2,29.99,59.98,refunded
104071,1552,2026-04-16,phone,midwest,premium,3,29.99,89.97,completed
104072,1354,2026-03-27,store,south,premium,2,49.99,99.98,completed
104073,1302,2026-06-07,phone,northeast,basic,2,79.99,159.98,completed
104074,1495,2026-02-22,web,west,basic,3,19.99,59.97,completed
104075,1657,2026-04-02,store,midwest,basic,1,49.99,49.99,completed
104076,1767,2026-04-09,web,south,basic,4,49.99,199.96,completed
104077,1226,2026-01-11,web,south,basic,2,79.99,159.98,completed
104078,1235,2026-01-31,web,west,premium,4,19.99,79.96,completed
104079,1454,2026-06-26,web,west,premium,2,49.99,99.98,completed
104080,1012,2026-04-10,phone,south,enterprise,4,19.99,79.96,cancelled
104081,1209,2026-03-28,web,midwest,basic,2,19.99,39.98,completed
104082,1740,2026-05-27,phone,northeast,basic,1,29.99,29.99,completed
104083,1396,2026-05-20,web,south,basic,2,79.99,159.98,completed
104084,1099,2026-01-15,web,midwest,premium,1,49.99,49.99,completed
104085,1030,2026-06-08,web,west,basic,2,49.99,99.98,completed
104086,1527,2026-06-20,phone,south,enterprise,4,19.99,79.96,completed
104087,1648,2026-04-11,web,west,premium,3,49.99,149.97,completed
104088,1328,2026-06-14,store,northeast,basic,2,19.99,39.98,completed
104089,1165,2026-01-29,web,west,basic,2,49.99,99.98,completed
104090,1458,2026-04-24,web,northeast,premium,1,79.99,79.99,completed
104091,1099,2026-04-17,phone,west,premium,4,49.99,199.96,completed
104092,1620,2026-06-03,store,west,basic,1,19.99,19.99,completed
104093,1172,2026-04-18,web,northeast,basic,4,19.99,79.96,completed
104094,1748,2026-05-10,phone,west,premium,4,49.99,199.96,completed
104095,1161,2026-03-25,store,midwest,premium,1,49.99,49.99,completed
104096,1727,2026-01-15,store,west,basic,3,19.99,59.97,completed
104097,1775,2026-05-12,phone,south,basic,4,29.99,119.96,cancelled
104098,1262,2026-02-19,phone,west,basic,3,29.99,89.97,completed
104099,1273,2026-06-15,web,midwest,enterprise,1,49.99,49.99,completed
104100,1002,2026-01-23,store,south,basic,3,79.99,239.97,completed
104101,1027,2026-02-28,web,midwest,premium,4,49.99,199.96,completed
104102,1325,2026-03-31,store,south,premium,1,79.99,79.99,completed
104103,1148,2026-04-25,web,west,basic,3,49.99,149.97,completed
104104,1539,2026-03-16,web,midwest,premium,1,19.99,19.99,cancelled
104105,1487,2026-06-05,phone,west,basic,1,49.99,49.99,completed
104106,1437,2026-05-03,web,south,premium,3,79.99,239.97,cancelled
104107,1064,2026-05-16,web,midwest,premium,4,79.99,319.96,completed
104108,1355,2026-06-06,phone,northeast,basic,4,49.99,199.96,completed
104109,1532,2026-05-19,phone,midwest,basic,4,49.99,199.96,completed
104110,1251,2026-01-18,phone,west,premium,4,29.99,119.96,completed
104111,1234,2026-02-19,web,northeast,basic,2,49.99,99.98,completed
104112,1226,2026-05-22,phone,northeast,basic,1,49.99,49.99,completed
104113,1524,2026-04-28,web,south,basic,1,19.99,19.99,completed
104114,1312,2026-05-17,web,northeast,enterprise,2,79.99,159.98,refunded
104115,1048,2026-05-19,phone,northeast,premium,1,29.99,29.99,completed
104116,1117,2026-04-18,store,south,premium,1,19.99,19.99,completed
104117,1053,2026-03-08,web,midwest,basic,3,49.99,149.97,completed
104118,1649,2026-06-30,web,west,basic,2,79.99,159.98,refunded
104119,1564,2026-06-16,web,midwest,basic,1,49.99,49.99,cancelled
104120,1043,2026-03-19,web,northeast,basic,1,49.99,49.99,completed
104121,1052,2026-06-05,web,west,premium,2,49.99,99.98,completed
104122,1585,2026-03-16,store,midwest,premium,2,49.99,99.98,completed
104123,1557,2026-02-08,store,west,basic,3,79.99,239.97,completed
104124,1524,2026-01-25,phone,northeast,premium,3,19.99,59.97,completed
104125,1676,2026-01-21,web,midwest,basic,4,49.99,199.96,completed
104126,1101,2026-05-18,phone,west,basic,4,49.99,199.96,cancelled
104127,1791,2026-06-20,web,west,enterprise,3,29.99,89.97,cancelled
104128,1769,2026-01-15,web,midwest,premium,1,29.99,29.99,completed
104129,1397,2026-02-17,web,midwest,premium,2,79.99,159.98,completed
104130,1137,2026-03-27,phone,northeast,basic,3,49.99,149.97,completed
104131,1674,2026-05-29,store,south,basic,4,49.99,199.96,completed
104132,1386,2026-04-26,web,west,basic,2,49.99,99.98,cancelled
104133,1110,2026-02-19,web,midwest,enterprise,4,79.99,319.96,completed
104134,1613,2026-05-31,web,midwest,premium,1,79.99,79.99,completed
104135,1016,2026-05-21,store,midwest,basic,1,49.99,49.99,completed
104136,1779,2026-03-10,web,west,premium,4,49.99,199.96,completed
104137,1181,2026-01-04,web,northeast,basic,2,79.99,159.98,completed
104138,1535,2026-03-19,phone,south,premium,4,49.99,199.96,completed
104139,1540,2026-01-09,web,west,basic,2,19.99,39.98,completed
104140,1170,2026-05-01,web,northeast,basic,3,19.99,59.97,completed
104141,1408,2026-04-25,web,west,basic,4,79.99,319.96,completed
104142,1739,2026-06-12,phone,west,basic,4,19.99,79.96,completed
104143,1377,2026-04-11,web,midwest,premium,2,29.99,59.98,completed
104144,1187,2026-05-29,store,northeast,premium,3,49.99,149.97,completed
104145,1229,2026-05-26,phone,midwest,premium,2,29.99,59.98,completed
104146,1118,2026-04-07,web,midwest,enterprise,2,29.99,59.98,completed
104147,1155,2026-03-22,web,northeast,basic,4,29.99,119.96,completed
104148,1783,2026-02-12,web,midwest,enterprise,4,19.99,79.96,completed
104149,1686,2026-04-05,web,midwest,enterprise,2,49.99,99.98,completed
104150,1464,2026-01-06,store,south,basic,1,49.99,49.99,completed
104151,1103,2026-03-08,store,northeast,basic,1,79.99,79.99,completed
104152,1603,2026-05-20,web,northeast,premium,1,29.99,29.99,completed
104153,1697,2026-04-10,web,midwest,basic,4,19.99,79.96,completed
104154,1794,2026-01-12,web,midwest,premium,4,29.99,119.96,completed
104155,1501,2026-03-07,web,northeast,basic,3,29.99,89.97,completed
104156,1692,2026-01-02,phone,northeast,premium,4,49.99,199.96,completed
104157,1681,2026-05-23,web,west,premium,3,79.99,239.97,completed
104158,1698,2026-05-31,store,northeast,basic,4,19.99,79.96,completed
104159,1174,2026-06-06,web,west,basic,1,49.99,49.99,completed
104160,1733,2026-03-22,phone,midwest,basic,1,29.99,29.99,completed
104161,1744,2026-05-15,store,south,basic,2,49.99,99.98,completed
104162,1673,2026-06-05,web,south,premium,2,29.99,59.98,completed
104163,1420,2026-05-22,web,west,basic,3,19.99,59.97,completed
104164,1133,2026-06-21,web,midwest,premium,3,49.99,149.97,refunded
104165,1390,2026-06-07,web,midwest,basic,2,49.99,99.98,completed
104166,1735,2026-06-09,store,midwest,premium,3,49.99,149.97,completed
104167,1500,2026-03-11,store,northeast,enterprise,4,49.99,199.96,completed
104168,1664,2026-04-25,store,midwest,basic,1,49.99,49.99,cancelled
104169,1032,2026-03-29,store,northeast,enterprise,2,19.99,39.98,completed
104170,1054,2026-01-06,web,west,premium,2,79.99,159.98,completed
104171,1518,2026-01-27,store,south,basic,4,19.99,79.96,completed
104172,1755,2026-03-23,store,west,enterprise,3,49.99,149.97,completed
104173,1637,2026-03-29,web,midwest,basic,2,29.99,59.98,completed
104174,1011,2026-04-30,web,midwest,basic,2,29.99,59.98,completed
104175,1527,2026-01-24,web,west,premium,4,49.99,199.96,completed
104176,1719,2026-04-12,web,northeast,premium,1,79.99,79.99,completed
104177,1554,2026-02-03,web,northeast,premium,2,49.99,99.98,completed
104178,1372,2026-06-17,store,northeast,basic,2,19.99,39.98,completed
104179,1483,2026-02-16,store,south,enterprise,4,79.99,319.96,completed
104180,1646,2026-01-24,web,south,premium,2,79.99,159.98,completed
104181,1227,2026-03-06,web,midwest,enterprise,2,19.99,39.98,cancelled
104182,1622,2026-01-18,store,west,basic,1,79.99,79.99,completed
104183,1306,2026-02-13,phone,west,premium,2,49.99,99.98,completed
104184,1456,2026-03-17,web,midwest,enterprise,4,49.99,199.96,completed
104185,1159,2026-02-26,phone,northeast,basic,1,29.99,29.99,completed
104186,1330,2026-04-17,store,south,enterprise,1,19.99,19.99,completed
104187,1775,2026-06-05,store,west,basic,1,79.99,79.99,completed
104188,1224,2026-05-04,web,midwest,basic,3,79.99,239.97,completed
104189,1728,2026-05-31,web,northeast,enterprise,4,79.99,319.96,completed
104190,1503,2026-06-11,store,northeast,enterprise,3,49.99,149.97,completed
104191,1455,2026-05-19,web,south,basic,2,19.99,39.98,completed
104192,1044,2026-06-12,phone,south,basic,1,49.99,49.99,completed
104193,1213,2026-04-26,web,midwest,premium,3,79.99,239.97,completed
104194,1058,2026-04-03,web,midwest,enterprise,2,49.99,99.98,completed
104195,1643,2026-02-11,web,northeast,premium,3,79.99,239.97,completed
104196,1615,2026-01-28,web,northeast,premium,1,79.99,79.99,completed
104197,1194,2026-05-03,store,west,premium,2,49.99,99.98,completed
104198,1488,2026-01-24,web,northeast,basic,1,79.99,79.99,completed
104199,1156,2026-05-16,store,midwest,enterprise,1,49.99,49.99,completed
104200,1609,2026-04-16,store,south,basic,3,29.99,89.97,completed
104201,1225,2026-04-28,web,midwest,premium,4,49.99,199.96,completed
104202,1411,2026-02-22,phone,west,basic,2,29.99,59.98,completed
104203,1204,2026-05-12,web,west,basic,2,29.99,59.98,completed
104204,1078,2026-04-10,phone,south,premium,4,49.99,199.96,completed
104205,1123,2026-01-05,phone,midwest,enterprise,2,19.99,39.98,completed
104206,1470,2026-02-18,web,west,premium,3,19.99,59.97,completed
104207,1217,2026-04-08,web,midwest,premium,2,49.99,99.98,cancelled
104208,1515,2026-01-30,phone,west,basic,3,49.99,149.97,completed
104209,1601,2026-03-13,store,south,premium,2,79.99,159.98,completed
104210,1103,2026-04-13,web,west,basic,3,79.99,239.97,completed
104211,1392,2026-03-04,phone,midwest,basic,4,49.99,199.96,completed
104212,1630,2026-06-24,web,midwest,basic,2,19.99,39.98,completed
104213,1644,2026-01-26,store,west,premium,3,79.99,239.97,completed
104214,1607,2026-02-06,web,northeast,enterprise,1,79.99,79.99,completed
104215,1433,2026-01-07,phone,south,premium,1,19.99,19.99,completed
104216,1330,2026-05-07,web,south,basic,1,49.99,49.99,completed
104217,1142,2026-06-17,phone,west,basic,2,19.99,39.98,completed
104218,1799,2026-04-02,store,west,premium,3,29.99,89.97,completed
104219,1539,2026-06-16,phone,northeast,basic,1,79.99,79.99,completed
104220,1277,2026-04-13,phone,south,basic,2,79.99,159.98,refunded
104221,1232,2026-02-22,web,northeast,premium,3,79.99,239.97,completed
104222,1528,2026-05-12,store,south,enterprise,1,19.99,19.99,completed
104223,1570,2026-04-18,phone,west,basic,1,19.99,19.99,completed
104224,1089,2026-04-22,store,south,basic,2,49.99,99.98,completed
104225,1491,2026-06-02,web,south,premium,3,79.99,239.97,completed
104226,1198,2026-01-07,web,south,premium,2,29.99,59.98,completed
104227,1361,2026-06-05,web,northeast,enterprise,1,49.99,49.99,completed
104228,1440,2026-03-08,web,northeast,basic,2,19.99,39.98,completed
104229,1025,2026-04-18,web,south,basic,2,29.99,59.98,completed
104230,1024,2026-04-21,store,midwest,enterprise,1,49.99,49.99,cancelled
104231,1393,2026-05-28,phone,northeast,basic,1,19.99,19.99,completed
104232,1506,2026-03-24,store,west,premium,3,29.99,89.97,completed
104233,1300,2026-05-04,web,west,basic,3,49.99,149.97,completed
104234,1338,2026-05-19,web,south,premium,1,29.99,29.99,completed
104235,1266,2026-04-14,store,west,premium,1,19.99,19.99,completed
104236,1460,2026-03-08,web,northeast,basic,4,49.99,199.96,completed
104237,1692,2026-01-07,web,midwest,premium,4,19.99,79.96,completed
104238,1455,2026-05-31,store,midwest,basic,3,79.99,239.97,cancelled
104239,1359,2026-04-20,web,midwest,enterprise,2,79.99,159.98,completed
104240,1067,2026-02-03,web,west,basic,1,29.99,29.99,completed
104241,1411,2026-04-16,store,south,basic,1,79.99,79.99,completed
104242,1490,2026-05-27,web,west,basic,2,19.99,39.98,completed
104243,1048,2026-02-27,store,south,premium,3,29.99,89.97,completed
104244,1686,2026-01-09,web,midwest,premium,4,49.99,199.96,completed
104245,1563,2026-02-17,phone,northeast,basic,3,19.99,59.97,refunded
104246,1101,2026-04-25,web,west,premium,2,49.99,99.98,cancelled
104247,1215,2026-02-10,phone,northeast,premium,1,49.99,49.99,completed
104248,1437,2026-02-17,web,midwest,premium,4,49.99,199.96,refunded
104249,1699,2026-06-22,store,south,premium,2,49.99,99.98,cancelled
104250,1568,2026-01-25,web,northeast,premium,1,19.99,19.99,completed
104251,1558,2026-04-26,web,west,premium,3,79.99,239.97,completed
104252,1158,2026-03-19,phone,northeast,basic,4,19.99,79.96,completed
104253,1488,2026-04-18,web,northeast,basic,1,79.99,79.99,completed
104254,1685,2026-01-25,web,west,enterprise,1,49.99,49.99,completed
104255,1241,2026-05-27,web,south,basic,1,79.99,79.99,completed
104256,1793,2026-02-08,web,west,basic,1,49.99,49.99,completed
104257,1752,2026-04-29,web,midwest,enterprise,1,29.99,29.99,completed
104258,1004,2026-03-20,web,south,basic,3,49.99,149.97,completed
104259,1595,2026-03-21,web,northeast,premium,2,79.99,159.98,completed
104260,1360,2026-01-27,phone,west,premium,4,29.99,119.96,completed
104261,1458,2026-04-14,web,midwest,enterprise,3,29.99,89.97,completed
104262,1247,2026-03-15,web,west,basic,4,49.99,199.96,completed
104263,1565,2026-03-09,store,south,basic,1,19.99,19.99,completed
104264,1672,2026-05-27,store,midwest,enterprise,2,79.99,159.98,completed
104265,1421,2026-01-28,web,northeast,basic,1,29.99,29.99,completed
104266,1737,2026-05-03,web,south,premium,3,19.99,59.97,completed
104267,1014,2026-06-10,store,midwest,premium,3,49.99,149.97,completed
104268,1735,2026-05-18,web,south,basic,4,49.99,199.96,completed
104269,1572,2026-03-24,web,northeast,enterprise,1,49.99,49.99,completed
104270,1121,2026-01-30,web,midwest,premium,1,49.99,49.99,completed
104271,1276,2026-01-22,phone,west,basic,2,79.99,159.98,completed
104272,1557,2026-01-03,web,west,basic,2,29.99,59.98,cancelled
104273,1452,2026-04-11,phone,northeast,basic,1,79.99,79.99,completed
104274,1389,2026-04-15,phone,midwest,basic,4,29.99,119.96,completed
104275,1293,2026-06-25,web,northeast,premium,2,19.99,39.98,completed
104276,1573,2026-01-02,store,northeast,basic,1,19.99,19.99,cancelled
104277,1597,2026-02-23,web,south,basic,1,29.99,29.99,completed
104278,1445,2026-01-06,phone,west,enterprise,1,49.99,49.99,completed
104279,1209,2026-04-17,web,northeast,premium,3,19.99,59.97,completed
104280,1589,2026-06-17,web,south,basic,4,79.99,319.96,completed
104281,1713,2026-05-03,web,northeast,enterprise,1,29.99,29.99,completed
104282,1301,2026-01-02,web,northeast,basic,1,19.99,19.99,completed
104283,1222,2026-04-21,web,northeast,enterprise,1,29.99,29.99,completed
104284,1733,2026-01-02,web,west,premium,2,49.99,99.98,completed
104285,1002,2026-04-03,web,midwest,premium,1,29.99,29.99,completed
104286,1517,2026-04-11,phone,west,premium,3,19.99,59.97,completed
104287,1092,2026-04-07,web,south,premium,3,29.99,89.97,completed
104288,1519,2026-04-21,phone,midwest,premium,4,19.99,79.96,cancelled
104289,1427,2026-01-06,web,south,premium,1,19.99,19.99,completed
104290,1492,2026-05-07,web,northeast,basic,1,19.99,19.99,completed
104291,1234,2026-04-14,web,midwest,basic,1,79.99,79.99,completed
104292,1619,2026-05-27,web,south,enterprise,3,49.99,149.97,completed
104293,1160,2026-06-04,phone,northeast,premium,2,49.99,99.98,completed
104294,1720,2026-01-01,web,south,enterprise,2,29.99,59.98,completed
104295,1751,2026-02-02,store,south,premium,1,29.99,29.99,completed
104296,1330,2026-02-09,store,west,premium,2,19.99,39.98,completed
104297,1332,2026-02-01,web,northeast,basic,4,49.99,199.96,completed
104298,1049,2026-01-17,phone,west,basic,3,29.99,89.97,completed
104299,1522,2026-05-06,web,midwest,premium,1,29.99,29.99,completed
104300,1667,2026-01-08,web,northeast,premium,2,49.99,99.98,completed
104301,1491,2026-02-26,phone,west,premium,1,19.99,19.99,completed
104302,1581,2026-02-11,web,west,premium,1,29.99,29.99,completed
104303,1680,2026-04-08,web,midwest,premium,3,19.99,59.97,completed
104304,1271,2026-05-17,web,south,premium,3,49.99,149.97,completed
104305,1579,2026-04-30,web,south,basic,2,49.99,99.98,completed
104306,1251,2026-03-28,web,south,premium,3,29.99,89.97,completed
104307,1559,2026-06-12,web,midwest,basic,4,29.99,119.96,refunded
104308,1695,2026-06-30,web,west,basic,1,49.99,49.99,completed
104309,1698,2026-02-23,web,northeast,basic,3,19.99,59.97,completed
104310,1089,2026-03-25,phone,midwest,basic,2,19.99,39.98,completed
104311,1445,2026-01-25,web,south,basic,2,79.99,159.98,completed
104312,1331,2026-03-08,phone,south,basic,2,49.99,99.98,completed
104313,1138,2026-06-23,phone,northeast,basic,4,29.99,119.96,completed
104314,1356,2026-06-01,phone,midwest,enterprise,3,49.99,149.97,completed
104315,1600,2026-02-15,phone,south,basic,3,29.99,89.97,cancelled
104316,1273,2026-01-22,web,midwest,premium,4,19.99,79.96,completed
104317,1018,2026-05-19,web,west,premium,3,29.99,89.97,completed
104318,1310,2026-06-25,web,midwest,basic,3,79.99,239.97,completed
104319,1153,2026-01-08,store,west,basic,3,19.99,59.97,completed
104320,1389,2026-02-08,phone,northeast,basic,4,79.99,319.96,completed
104321,1259,2026-06-12,web,west,premium,4,49.99,199.96,cancelled
104322,1619,2026-02-18,web,west,basic,2,29.99,59.98,completed
104323,1796,2026-02-15,store,northeast,basic,4,19.99,79.96,completed
104324,1570,2026-02-07,web,south,basic,4,29.99,119.96,completed
104325,1124,2026-05-16,web,northeast,premium,2,79.99,159.98,completed
104326,1353,2026-02-23,web,midwest,premium,4,19.99,79.96,completed
104327,1272,2026-06-14,store,northeast,basic,3,79.99,239.97,completed
104328,1618,2026-04-02,web,midwest,basic,1,19.99,19.99,completed
104329,1244,2026-02-09,web,south,basic,2,49.99,99.98,completed
104330,1449,2026-02-03,phone,midwest,basic,1,49.99,49.99,completed
104331,1246,2026-04-06,web,northeast,basic,1,29.99,29.99,completed
104332,1519,2026-03-20,store,northeast,premium,2,79.99,159.98,completed
104333,1140,2026-05-07,web,south,premium,1,79.99,79.99,completed
104334,1361,2026-01-17,web,northeast,premium,1,19.99,19.99,refunded
104335,1007,2026-06-10,store,south,premium,2,49.99,99.98,completed
104336,1477,2026-06-24,store,south,basic,2,29.99,59.98,completed
104337,1351,2026-04-20,web,northeast,basic,3,49.99,149.97,completed
104338,1494,2026-02-21,web,west,basic,2,79.99,159.98,completed
104339,1605,2026-04-28,store,midwest,premium,4,29.99,119.96,completed
104340,1426,2026-01-09,web,west,basic,1,49.99,49.99,completed
104341,1038,2026-02-02,store,south,enterprise,2,49.99,99.98,completed
104342,1592,2026-04-23,store,midwest,premium,3,19.99,59.97,completed
104343,1186,2026-05-29,web,west,basic,2,19.99,39.98,completed
104344,1595,2026-03-26,store,northeast,premium,1,79.99,79.99,completed
104345,1599,2026-01-10,web,west,basic,2,49.99,99.98,completed
104346,1753,2026-01-06,phone,midwest,basic,1,19.99,19.99,completed
104347,1092,2026-04-25,web,midwest,basic,2,49.99,99.98,completed
104348,1085,2026-05-01,store,midwest,basic,3,29.99,89.97,cancelled
104349,1043,2026-05-21,phone,midwest,premium,4,49.99,199.96,completed
104350,1136,2026-03-06,phone,west,premium,3,49.99,149.97,cancelled
104351,1420,2026-01-20,store,northeast,basic,2,79.99,159.98,completed
104352,1073,2026-02-26,web,northeast,basic,1,29.99,29.99,completed
104353,1547,2026-02-15,web,midwest,basic,3,29.99,89.97,completed
104354,1612,2026-05-16,store,northeast,premium,4,19.99,79.96,completed
104355,1511,2026-01-10,phone,west,basic,4,29.99,119.96,completed
104356,1155,2026-04-23,store,northeast,basic,1,79.99,79.99,cancelled
104357,1254,2026-05-19,store,south,basic,2,19.99,39.98,cancelled
104358,1170,2026-01-12,web,northeast,basic,3,49.99,149.97,completed
104359,1727,2026-05-18,web,midwest,premium,3,29.99,89.97,completed
104360,1169,2026-06-02,web,northeast,premium,1,49.99,49.99,completed
104361,1763,2026-06-26,phone,northeast,premium,3,19.99,59.97,completed
104362,1321,2026-06-26,web,northeast,premium,1,29.99,29.99,completed
104363,1566,2026-01-11,phone,northeast,premium,1,19.99,19.99,completed
104364,1455,2026-04-28,web,south,basic,2,19.99,39.98,completed
104365,1602,2026-06-13,web,west,basic,1,29.99,29.99,completed
104366,1789,2026-02-08,web,midwest,basic,3,29.99,89.97,completed
104367,1612,2026-02-22,web,midwest,premium,1,19.99,19.99,completed
104368,1154,2026-02-25,phone,northeast,enterprise,3,79.99,239.97,completed
104369,1348,2026-04-14,web,west,basic,1,29.99,29.99,completed
104370,1450,2026-05-09,web,northeast,basic,2,19.99,39.98,completed
104371,1652,2026-02-25,web,south,basic,2,49.99,99.98,completed
104372,1172,2026-04-28,phone,west,premium,1,49.99,49.99,completed
104373,1009,2026-05-12,store,west,premium,1,29.99,29.99,completed
104374,1739,2026-01-30,web,west,basic,1,29.99,29.99,completed
104375,1264,2026-01-12,phone,west,premium,2,49.99,99.98,completed
104376,1437,2026-02-04,web,northeast,premium,4,19.99,79.96,completed
104377,1759,2026-03-18,web,south,basic,1,19.99,19.99,completed
104378,1246,2026-06-29,phone,west,basic,4,19.99,79.96,completed
104379,1666,2026-06-08,web,midwest,premium,1,79.99,79.99,cancelled
104380,1545,2026-04-12,phone,midwest,basic,3,29.99,89.97,completed
104381,1498,2026-03-28,web,south,basic,2,79.99,159.98,completed
104382,1128,2026-02-21,store,midwest,basic,4,79.99,319.96,cancelled
104383,1671,2026-03-21,web,northeast,premium,4,79.99,319.96,completed
104384,1600,2026-05-15,phone,northeast,premium,2,79.99,159.98,completed
104385,1604,2026-01-22,store,south,premium,4,19.99,79.96,completed
104386,1326,2026-03-16,web,west,basic,1,29.99,29.99,completed
104387,1752,2026-02-27,web,midwest,basic,4,29.99,119.96,completed
104388,1403,2026-04-03,web,midwest,premium,1,79.99,79.99,completed
104389,1628,2026-04-13,phone,south,basic,4,29.99,119.96,completed
104390,1605,2026-05-20,web,south,premium,3,49.99,149.97,completed
104391,1674,2026-01-07,web,midwest,basic,4,19.99,79.96,completed
104392,1610,2026-05-08,phone,west,premium,4,29.99,119.96,completed
104393,1624,2026-02-24,web,south,enterprise,1,19.99,19.99,completed
104394,1358,2026-04-16,phone,northeast,enterprise,2,49.99,99.98,completed
104395,1602,2026-03-03,web,midwest,basic,3,19.99,59.97,completed
104396,1717,2026-03-31,web,south,premium,2,49.99,99.98,completed
104397,1016,2026-04-08,phone,south,basic,1,79.99,79.99,completed
104398,1273,2026-03-18,phone,south,premium,3,29.99,89.97,completed
104399,1684,2026-04-29,web,midwest,basic,4,79.99,319.96,completed
104400,1115,2026-02-05,web,northeast,premium,2,29.99,59.98,completed
104401,1692,2026-03-30,web,northeast,basic,2,79.99,159.98,completed
104402,1090,2026-06-01,web,midwest,enterprise,2,49.99,99.98,completed
104403,1081,2026-06-21,web,south,premium,4,29.99,119.96,completed
104404,1323,2026-05-25,web,midwest,basic,1,79.99,79.99,completed
104405,1113,2026-05-10,phone,midwest,enterprise,4,19.99,79.96,completed
104406,1768,2026-05-21,phone,south,basic,4,19.99,79.96,completed
104407,1057,2026-06-08,web,midwest,enterprise,1,79.99,79.99,completed
104408,1153,2026-04-03,web,west,premium,1,49.99,49.99,refunded
104409,1403,2026-04-24,web,northeast,enterprise,4,79.99,319.96,completed
104410,1627,2026-01-28,web,west,basic,1,19.99,19.99,completed
104411,1265,2026-06-04,store,west,basic,2,29.99,59.98,completed
104412,1314,2026-05-23,phone,west,premium,3,29.99,89.97,completed
104413,1714,2026-02-02,phone,midwest,enterprise,1,79.99,79.99,completed
104414,1040,2026-01-20,store,south,basic,3,29.99,89.97,completed
104415,1104,2026-06-19,web,midwest,basic,2,19.99,39.98,completed
104416,1192,2026-05-20,web,northeast,basic,1,29.99,29.99,completed
104417,1400,2026-04-11,phone,midwest,enterprise,4,79.99,319.96,completed
104418,1277,2026-01-23,web,midwest,premium,4,79.99,319.96,completed
104419,1353,2026-04-22,phone,midwest,basic,2,79.99,159.98,completed
104420,1748,2026-01-14,phone,midwest,basic,1,19.99,19.99,completed
104421,1732,2026-04-01,phone,west,premium,4,49.99,199.96,completed
104422,1579,2026-06-02,web,south,basic,1,29.99,29.99,completed
104423,1708,2026-03-18,web,northeast,premium,3,79.99,239.97,completed
104424,1255,2026-03-26,phone,northeast,basic,4,49.99,199.96,completed
104425,1650,2026-04-19,store,northeast,premium,2,79.99,159.98,completed
104426,1660,2026-01-31,phone,midwest,enterprise,4,79.99,319.96,completed
104427,1098,2026-05-02,store,northeast,premium,2,19.99,39.98,cancelled
104428,1587,2026-04-17,web,west,basic,2,19.99,39.98,cancelled
104429,1281,2026-02-23,web,south,premium,3,49.99,149.97,completed
104430,1402,2026-05-13,web,midwest,basic,3,79.99,239.97,completed
104431,1108,2026-05-21,web,midwest,enterprise,2,29.99,59.98,completed
104432,1699,2026-06-05,store,west,basic,4,29.99,119.96,completed
104433,1198,2026-02-12,store,northeast,premium,2,29.99,59.98,cancelled
104434,1302,2026-03-30,web,midwest,basic,1,49.99,49.99,completed
104435,1326,2026-04-25,web,midwest,basic,1,19.99,19.99,completed
104436,1153,2026-04-09,web,west,basic,4,49.99,199.96,completed
104437,1551,2026-02-16,store,west,enterprise,4,19.99,79.96,completed
104438,1644,2026-03-12,web,northeast,enterprise,3,29.99,89.97,completed
104439,1404,2026-06-15,web,south,basic,1,29.99,29.99,completed
104440,1461,2026-03-08,web,south,basic,2,19.99,39.98,completed
104441,1131,2026-03-03,web,northeast,basic,2,29.99,59.98,completed
104442,1790,2026-04-19,store,south,basic,1,49.99,49.99,refunded
104443,1083,2026-06-16,web,west,premium,1,19.99,19.99,cancelled
104444,1398,2026-02-06,web,west,basic,3,29.99,89.97,completed
104445,1753,2026-04-29,web,west,premium,1,79.99,79.99,completed
104446,1627,2026-03-27,web,south,premium,3,29.99,89.97,completed
104447,1108,2026-05-06,phone,south,premium,4,79.99,319.96,completed
104448,1220,2026-05-16,web,midwest,premium,4,29.99,119.96,completed
104449,1552,2026-02-21,web,midwest,basic,1,79.99,79.99,completed
104450,1367,2026-04-01,store,midwest,basic,1,29.99,29.99,completed
104451,1146,2026-02-02,web,south,premium,1,79.99,79.99,completed
104452,1111,2026-03-22,phone,midwest,basic,1,19.99,19.99,completed
104453,1614,2026-02-11,web,west,basic,2,19.99,39.98,completed
104454,1557,2026-04-22,web,south,enterprise,2,79.99,159.98,completed
104455,1493,2026-05-06,phone,northeast,premium,4,29.99,119.96,completed
104456,1504,2026-06-04,store,south,basic,2,49.99,99.98,refunded
104457,1474,2026-05-16,phone,midwest,premium,1,49.99,49.99,completed
104458,1270,2026-05-31,web,south,basic,3,49.99,149.97,completed
104459,1420,2026-04-16,web,midwest,enterprise,4,49.99,199.96,completed
104460,1706,2026-05-05,web,midwest,basic,1,79.99,79.99,completed
104461,1366,2026-04-23,web,northeast,premium,2,19.99,39.98,completed
104462,1279,2026-03-05,phone,northeast,premium,3,19.99,59.97,completed
104463,1282,2026-05-03,web,west,basic,3,49.99,149.97,completed
104464,1039,2026-04-24,web,midwest,premium,2,19.99,39.98,completed
104465,1188,2026-01-20,phone,south,enterprise,1,79.99,79.99,completed
104466,1163,2026-01-16,web,northeast,premium,3,49.99,149.97,completed
104467,1535,2026-05-25,phone,northeast,basic,3,79.99,239.97,completed
104468,1535,2026-01-19,web,midwest,premium,2,79.99,159.98,refunded
104469,1003,2026-04-30,web,south,enterprise,3,29.99,89.97,completed
104470,1289,2026-05-16,store,northeast,basic,3,79.99,239.97,completed
104471,1432,2026-06-15,web,northeast,premium,3,29.99,89.97,completed
104472,1470,2026-02-07,web,south,basic,4,49.99,199.96,completed
104473,1180,2026-06-30,phone,northeast,basic,1,79.99,79.99,completed
104474,1247,2026-04-03,store,south,basic,1,19.99,19.99,completed
104475,1627,2026-04-15,store,midwest,enterprise,2,49.99,99.98,completed
104476,1278,2026-04-10,phone,northeast,premium,1,79.99,79.99,completed
104477,1580,2026-03-31,web,midwest,basic,3,79.99,239.97,completed
104478,1253,2026-06-08,store,south,enterprise,1,19.99,19.99,completed
104479,1180,2026-02-13,phone,midwest,premium,4,29.99,119.96,completed
104480,1680,2026-03-17,web,midwest,premium,3,79.99,239.97,completed
104481,1508,2026-05-25,store,midwest,basic,3,79.99,239.97,completed
104482,1760,2026-03-20,web,west,enterprise,4,19.99,79.96,cancelled
104483,1699,2026-03-14,web,south,premium,4,49.99,199.96,completed
104484,1565,2026-06-16,store,south,premium,1,79.99,79.99,completed
104485,1325,2026-06-19,web,south,basic,1,29.99,29.99,cancelled
104486,1356,2026-06-25,web,south,basic,1,29.99,29.99,cancelled
104487,1649,2026-05-20,web,south,basic,4,19.99,79.96,completed
104488,1679,2026-04-06,phone,northeast,enterprise,1,29.99,29.99,completed
104489,1390,2026-03-30,web,northeast,basic,2,79.99,159.98,completed
104490,1614,2026-04-13,web,northeast,premium,1,29.99,29.99,completed
104491,1084,2026-05-26,phone,midwest,basic,4,79.99,319.96,completed
104492,1316,2026-01-06,store,midwest,basic,4,19.99,79.96,completed
104493,1211,2026-05-02,web,south,basic,2,29.99,59.98,completed
104494,1514,2026-06-20,phone,west,premium,3,79.99,239.97,refunded
104495,1383,2026-04-26,phone,south,premium,2,49.99,99.98,completed
104496,1690,2026-06-12,phone,northeast,enterprise,4,79.99,319.96,completed
104497,1341,2026-03-03,web,south,enterprise,3,79.99,239.97,completed
104498,1037,2026-05-24,store,midwest,basic,2,19.99,39.98,completed
104499,1510,2026-05-16,web,south,premium,2,79.99,159.98,completed
104500,1419,2026-03-30,web,northeast,basic,3,19.99,59.97,completed
104501,1750,2026-04-06,web,south,enterprise,2,79.99,159.98,completed
104502,1168,2026-05-06,phone,midwest,basic,3,79.99,239.97,completed
104503,1342,2026-03-31,web,west,premium,1,79.99,79.99,completed
104504,1305,2026-03-27,web,northeast,basic,3,19.99,59.97,completed
104505,1541,2026-06-08,phone,south,basic,2,79.99,159.98,cancelled
104506,1701,2026-05-18,store,midwest,basic,1,19.99,19.99,completed
104507,1536,2026-05-01,phone,northeast,basic,4,49.99,199.96,completed
104508,1111,2026-03-17,web,northeast,basic,4,19.99,79.96,completed
104509,1410,2026-04-02,web,midwest,premium,4,49.99,199.96,completed
104510,1205,2026-03-11,phone,south,premium,2,19.99,39.98,completed
104511,1184,2026-05-28,web,south,basic,1,19.99,19.99,completed
104512,1381,2026-05-13,phone,south,basic,3,79.99,239.97,completed
104513,1495,2026-01-23,web,northeast,basic,4,29.99,119.96,completed
104514,1378,2026-05-17,store,west,enterprise,4,29.99,119.96,completed
104515,1046,2026-02-27,web,northeast,basic,1,79.99,79.99,completed
104516,1739,2026-02-15,web,south,premium,1,49.99,49.99,cancelled
104517,1550,2026-01-22,store,northeast,basic,1,79.99,79.99,completed
104518,1527,2026-01-08,web,west,basic,2,29.99,59.98,completed
104519,1503,2026-05-03,web,northeast,basic,1,19.99,19.99,completed
104520,1021,2026-01-20,store,midwest,basic,3,79.99,239.97,completed
104521,1212,2026-06-28,web,south,basic,3,49.99,149.97,completed
104522,1309,2026-03-19,web,south,basic,4,79.99,319.96,completed
104523,1660,2026-02-08,web,south,basic,3,29.99,89.97,completed
104524,1752,2026-02-06,web,northeast,premium,1,19.99,19.99,completed
104525,1271,2026-06-27,web,northeast,basic,3,29.99,89.97,completed
104526,1570,2026-06-11,phone,northeast,basic,4,29.99,119.96,completed
104527,1798,2026-03-16,phone,south,basic,2,29.99,59.98,completed
104528,1201,2026-04-28,web,northeast,enterprise,3,29.99,89.97,completed
104529,1031,2026-04-14,web,south,premium,4,19.99,79.96,completed
104530,1442,2026-06-10,store,northeast,premium,4,29.99,119.96,completed
104531,1161,2026-01-31,store,south,basic,1,49.99,49.99,completed
104532,1766,2026-05-03,web,midwest,basic,4,49.99,199.96,refunded
104533,1253,2026-02-23,store,northeast,basic,3,29.99,89.97,completed
104534,1520,2026-06-21,phone,south,basic,4,49.99,199.96,completed
104535,1650,2026-02-03,web,midwest,premium,4,29.99,119.96,completed
104536,1479,2026-05-02,web,midwest,enterprise,1,19.99,19.99,completed
104537,1009,2026-04-23,web,west,enterprise,1,19.99,19.99,cancelled
104538,1725,2026-03-03,store,northeast,basic,3,49.99,149.97,cancelled
104539,1504,2026-01-23,phone,south,basic,4,49.99,199.96,completed
104540,1784,2026-02-15,phone,west,basic,2,29.99,59.98,completed
104541,1559,2026-02-25,web,northeast,basic,4,79.99,319.96,completed
104542,1435,2026-05-15,phone,midwest,enterprise,2,29.99,59.98,completed
104543,1110,2026-04-28,phone,northeast,basic,3,29.99,89.97,completed
104544,1152,2026-05-11,store,south,enterprise,1,19.99,19.99,completed
104545,1634,2026-06-15,web,midwest,premium,3,79.99,239.97,completed
104546,1101,2026-06-11,phone,west,basic,1,79.99,79.99,cancelled
104547,1752,2026-04-23,web,northeast,basic,1,29.99,29.99,completed
104548,1190,2026-02-13,phone,northeast,premium,4,19.99,79.96,completed
104549,1728,2026-05-08,phone,west,basic,4,49.99,199.96,completed
104550,1562,2026-04-18,web,northeast,basic,1,19.99,19.99,completed
104551,1080,2026-06-07,phone,northeast,basic,2,49.99,99.98,completed
104552,1488,2026-01-17,web,northeast,basic,2,19.99,39.98,completed
104553,1087,2026-02-28,store,midwest,premium,4,79.99,319.96,completed
104554,1193,2026-05-18,web,midwest,basic,3,19.99,59.97,completed
104555,1103,2026-04-09,phone,south,premium,2,29.99,59.98,completed
104556,1782,2026-03-25,store,northeast,premium,1,49.99,49.99,completed
104557,1095,2026-05-26,web,south,basic,4,19.99,79.96,completed
104558,1422,2026-02-14,web,midwest,premium,4,19.99,79.96,completed
104559,1197,2026-04-18,web,northeast,basic,1,49.99,49.99,completed
104560,1000,2026-03-03,web,south,premium,3,19.99,59.97,completed
104561,1406,2026-02-28,phone,northeast,basic,1,49.99,49.99,completed
104562,1377,2026-06-26,phone,northeast,basic,3,79.99,239.97,completed
104563,1166,2026-06-09,store,west,basic,4,49.99,199.96,completed
104564,1508,2026-05-18,store,south,premium,3,49.99,149.97,completed
104565,1637,2026-01-11,web,midwest,basic,1,79.99,79.99,completed
104566,1312,2026-04-12,phone,south,basic,4,19.99,79.96,completed
104567,1592,2026-03-11,store,south,basic,2,19.99,39.98,completed
104568,1417,2026-05-03,web,south,basic,4,79.99,319.96,completed
104569,1762,2026-06-24,web,west,premium,1,29.99,29.99,completed
104570,1680,2026-02-03,web,northeast,premium,1,49.99,49.99,completed
104571,1476,2026-04-11,store,midwest,enterprise,4,19.99,79.96,completed
104572,1072,2026-05-25,phone,west,basic,4,19.99,79.96,completed
104573,1140,2026-04-14,phone,midwest,basic,4,49.99,199.96,cancelled
104574,1581,2026-02-09,web,west,premium,3,49.99,149.97,completed
104575,1261,2026-01-19,store,northeast,premium,2,49.99,99.98,completed
104576,1339,2026-03-08,web,midwest,basic,3,29.99,89.97,completed
104577,1307,2026-03-23,phone,south,premium,1,79.99,79.99,completed
104578,1244,2026-06-30,web,west,premium,4,29.99,119.96,completed
104579,1514,2026-03-05,web,midwest,basic,3,29.99,89.97,completed
104580,1336,2026-03-24,phone,northeast,premium,3,49.99,149.97,completed
104581,1574,2026-02-16,store,midwest,basic,1,79.99,79.99,completed
104582,1560,2026-01-06,web,west,enterprise,3,19.99,59.97,completed
104583,1075,2026-01-16,web,northeast,premium,1,49.99,49.99,refunded
104584,1174,2026-05-26,web,south,basic,3,79.99,239.97,completed
104585,1108,2026-06-29,web,west,basic,2,19.99,39.98,completed
104586,1182,2026-06-25,web,west,enterprise,1,29.99,29.99,completed
104587,1191,2026-06-20,phone,northeast,premium,2,79.99,159.98,completed
104588,1064,2026-02-08,store,west,basic,3,29.99,89.97,refunded
104589,1473,2026-06-26,web,midwest,premium,2,29.99,59.98,completed
104590,1782,2026-04-23,phone,south,premium,2,79.99,159.98,completed
104591,1099,2026-05-20,web,midwest,basic,2,19.99,39.98,completed
104592,1543,2026-05-18,web,northeast,basic,3,79.99,239.97,completed
104593,1127,2026-03-12,web,west,premium,1,19.99,19.99,completed
104594,1451,2026-04-20,phone,south,basic,3,49.99,149.97,completed
104595,1368,2026-02-24,web,northeast,basic,3,49.99,149.97,completed
104596,1042,2026-05-09,web,midwest,premium,3,49.99,149.97,completed
104597,1418,2026-02-18,web,west,basic,1,29.99,29.99,completed
104598,1487,2026-06-13,web,west,basic,4,49.99,199.96,completed
104599,1077,2026-01-21,web,northeast,basic,3,29.99,89.97,completed
104600,1269,2026-02-06,store,midwest,premium,3,19.99,59.97,completed
104601,1673,2026-04-26,phone,west,premium,1,79.99,79.99,completed
104602,1700,2026-01-24,store,midwest,premium,4,79.99,319.96,completed
104603,1758,2026-02-24,web,south,basic,4,29.99,119.96,completed
104604,1727,2026-01-25,web,west,premium,4,29.99,119.96,completed
104605,1314,2026-05-15,web,south,enterprise,4,29.99,119.96,completed
104606,1167,2026-05-07,web,west,basic,1,19.99,19.99,completed
104607,1338,2026-04-03,phone,northeast,basic,1,19.99,19.99,completed
104608,1192,2026-04-04,web,west,premium,4,49.99,199.96,completed
104609,1452,2026-03-12,web,west,basic,2,49.99,99.98,completed
104610,1282,2026-05-02,phone,midwest,basic,1,79.99,79.99,completed
104611,1335,2026-01-24,web,midwest,basic,2,49.99,99.98,completed
104612,1389,2026-01-11,store,south,basic,2,19.99,39.98,completed
104613,1524,2026-03-14,web,south,basic,4,19.99,79.96,completed
104614,1239,2026-01-12,phone,south,basic,4,19.99,79.96,completed
104615,1482,2026-02-04,web,west,enterprise,3,19.99,59.97,completed
104616,1658,2026-05-21,store,west,premium,2,79.99,159.98,completed
104617,1715,2026-01-23,web,south,premium,3,79.99,239.97,completed
104618,1591,2026-03-24,phone,northeast,basic,4,19.99,79.96,completed
104619,1554,2026-06-16,web,northeast,premium,2,29.99,59.98,completed
104620,1457,2026-03-29,phone,west,basic,1,49.99,49.99,completed
104621,1088,2026-03-21,web,northeast,premium,3,79.99,239.97,completed
104622,1659,2026-04-07,web,northeast,premium,4,29.99,119.96,completed
104623,1094,2026-05-20,store,south,premium,2,49.99,99.98,completed
104624,1451,2026-02-03,store,northeast,basic,4,29.99,119.96,cancelled
104625,1427,2026-03-16,web,northeast,premium,3,19.99,59.97,refunded
104626,1150,2026-06-08,store,west,basic,4,49.99,199.96,completed
104627,1513,2026-05-08,web,west,basic,4,29.99,119.96,completed
104628,1375,2026-05-21,store,west,basic,1,79.99,79.99,completed
104629,1021,2026-01-31,phone,northeast,enterprise,4,79.99,319.96,completed
104630,1312,2026-05-10,web,south,basic,2,79.99,159.98,completed
104631,1518,2026-04-13,store,midwest,premium,2,49.99,99.98,completed
104632,1205,2026-01-15,store,west,basic,1,19.99,19.99,cancelled
104633,1374,2026-02-26,web,west,basic,2,19.99,39.98,completed
104634,1450,2026-03-16,phone,west,premium,4,49.99,199.96,completed
104635,1625,2026-02-03,web,south,basic,4,49.99,199.96,completed
104636,1783,2026-04-13,store,midwest,premium,2,19.99,39.98,completed
104637,1594,2026-03-16,phone,midwest,premium,3,79.99,239.97,completed
104638,1178,2026-01-29,web,west,premium,4,19.99,79.96,completed
104639,1209,2026-01-16,phone,northeast,premium,2,19.99,39.98,completed
104640,1499,2026-06-16,phone,west,basic,4,29.99,119.96,completed
104641,1463,2026-03-18,phone,west,basic,4,79.99,319.96,completed
104642,1123,2026-02-06,web,northeast,basic,1,49.99,49.99,completed
104643,1112,2026-03-22,web,northeast,basic,2,19.99,39.98,completed
104644,1011,2026-05-29,phone,west,enterprise,4,79.99,319.96,completed
104645,1125,2026-06-21,web,south,premium,3,49.99,149.97,completed
104646,1564,2026-05-04,web,south,premium,2,29.99,59.98,completed
104647,1330,2026-01-19,phone,northeast,premium,3,29.99,89.97,completed
104648,1282,2026-04-12,web,west,basic,2,79.99,159.98,completed
104649,1139,2026-05-16,phone,south,premium,3,19.99,59.97,completed
104650,1400,2026-03-18,phone,west,premium,3,49.99,149.97,completed
104651,1096,2026-02-10,phone,west,basic,2,79.99,159.98,cancelled
104652,1516,2026-03-02,web,west,premium,1,29.99,29.99,completed
104653,1568,2026-01-26,web,south,premium,1,49.99,49.99,completed
104654,1068,2026-03-12,web,midwest,basic,2,49.99,99.98,completed
104655,1117,2026-04-13,store,west,premium,4,19.99,79.96,completed
104656,1058,2026-03-11,web,south,basic,2,29.99,59.98,completed
104657,1032,2026-04-17,store,midwest,basic,2,29.99,59.98,completed
104658,1317,2026-06-06,phone,northeast,premium,4,29.99,119.96,completed
104659,1049,2026-04-17,store,south,enterprise,2,49.99,99.98,completed
104660,1488,2026-04-13,web,midwest,premium,2,29.99,59.98,completed
104661,1018,2026-01-19,web,south,premium,4,79.99,319.96,cancelled
104662,1725,2026-03-09,store,midwest,enterprise,4,29.99,119.96,completed
104663,1196,2026-03-11,web,midwest,enterprise,1,49.99,49.99,completed
104664,1449,2026-04-23,web,south,basic,3,29.99,89.97,completed
104665,1558,2026-02-26,web,northeast,basic,3,29.99,89.97,completed
104666,1678,2026-06-14,store,west,basic,1,49.99,49.99,completed
104667,1451,2026-03-02,phone,midwest,premium,1,29.99,29.99,completed
104668,1288,2026-04-02,phone,west,enterprise,3,19.99,59.97,completed
104669,1140,2026-01-30,phone,northeast,basic,1,49.99,49.99,completed
104670,1083,2026-06-02,web,west,premium,2,29.99,59.98,completed
104671,1693,2026-05-07,phone,west,premium,1,19.99,19.99,completed
104672,1390,2026-04-25,web,south,basic,1,79.99,79.99,completed
104673,1590,2026-01-06,store,south,basic,1,49.99,49.99,completed
104674,1214,2026-01-18,web,northeast,basic,1,29.99,29.99,completed
104675,1525,2026-01-10,web,south,basic,3,49.99,149.97,completed
104676,1214,2026-04-02,web,midwest,premium,4,19.99,79.96,completed
104677,1402,2026-05-19,web,northeast,basic,3,49.99,149.97,completed
104678,1127,2026-03-18,phone,south,premium,3,79.99,239.97,completed
104679,1476,2026-04-11,web,south,basic,4,29.99,119.96,completed
104680,1759,2026-03-25,web,northeast,premium,3,79.99,239.97,completed
104681,1403,2026-02-21,web,midwest,basic,2,19.99,39.98,completed
104682,1028,2026-01-31,phone,northeast,enterprise,4,49.99,199.96,completed
104683,1791,2026-05-25,web,south,basic,2,29.99,59.98,completed
104684,1337,2026-04-20,phone,south,enterprise,3,29.99,89.97,completed
104685,1713,2026-04-03,web,northeast,premium,3,19.99,59.97,completed
104686,1360,2026-06-13,web,midwest,premium,4,19.99,79.96,completed
104687,1568,2026-06-03,web,midwest,basic,3,49.99,149.97,completed
104688,1391,2026-02-22,store,west,basic,1,29.99,29.99,completed
104689,1217,2026-05-25,phone,midwest,basic,2,19.99,39.98,cancelled
104690,1573,2026-03-27,web,northeast,basic,2,29.99,59.98,completed
104691,1668,2026-06-02,phone,midwest,enterprise,1,49.99,49.99,completed
104692,1201,2026-01-02,store,midwest,basic,4,79.99,319.96,completed
104693,1016,2026-03-27,web,west,enterprise,4,19.99,79.96,completed
104694,1321,2026-05-13,store,midwest,premium,1,49.99,49.99,completed
104695,1517,2026-01-04,web,west,basic,1,79.99,79.99,completed
104696,1569,2026-06-13,store,west,premium,2,49.99,99.98,completed
104697,1324,2026-01-06,web,midwest,basic,1,19.99,19.99,completed
104698,1411,2026-05-29,web,south,basic,1,49.99,49.99,completed
104699,1317,2026-04-28,web,northeast,basic,1,29.99,29.99,completed
104700,1680,2026-03-30,store,northeast,enterprise,3,19.99,59.97,completed
104701,1081,2026-06-03,phone,midwest,basic,1,29.99,29.99,cancelled
104702,1473,2026-06-16,phone,northeast,premium,3,49.99,149.97,completed
104703,1467,2026-06-10,web,northeast,basic,2,19.99,39.98,completed
104704,1424,2026-01-14,web,west,premium,2,29.99,59.98,completed
104705,1730,2026-02-25,web,south,basic,4,29.99,119.96,completed
104706,1688,2026-03-22,web,northeast,basic,2,29.99,59.98,completed
104707,1203,2026-05-29,web,south,basic,4,79.99,319.96,completed
104708,1582,2026-02-15,store,northeast,basic,3,29.99,89.97,completed
104709,1386,2026-05-24,phone,south,premium,1,29.99,29.99,completed
104710,1777,2026-01-16,web,south,basic,2,49.99,99.98,completed
104711,1097,2026-04-30,phone,northeast,enterprise,1,49.99,49.99,completed
104712,1344,2026-03-25,store,west,basic,4,49.99,199.96,completed
104713,1207,2026-06-06,phone,south,basic,3,49.99,149.97,completed
104714,1513,2026-01-08,phone,south,basic,2,79.99,159.98,completed
104715,1635,2026-03-29,store,northeast,basic,1,49.99,49.99,completed
104716,1791,2026-05-11,phone,south,enterprise,4,49.99,199.96,completed
104717,1585,2026-01-19,web,south,premium,1,49.99,49.99,completed
104718,1165,2026-04-07,web,west,premium,2,29.99,59.98,completed
104719,1021,2026-03-07,store,south,enterprise,1,79.99,79.99,completed
104720,1153,2026-03-20,web,west,premium,3,49.99,149.97,completed
104721,1438,2026-03-27,web,south,premium,2,29.99,59.98,completed
104722,1294,2026-05-04,web,south,premium,4,19.99,79.96,refunded
104723,1218,2026-05-30,phone,west,basic,2,79.99,159.98,completed
104724,1668,2026-02-15,store,west,premium,4,49.99,199.96,cancelled
104725,1494,2026-04-23,web,midwest,premium,4,29.99,119.96,completed
104726,1229,2026-04-01,web,south,basic,2,19.99,39.98,completed
104727,1019,2026-05-21,store,west,enterprise,4,19.99,79.96,refunded
104728,1552,2026-02-02,web,south,basic,2,29.99,59.98,completed
104729,1147,2026-05-13,web,south,enterprise,3,29.99,89.97,completed
104730,1107,2026-03-18,store,south,basic,3,79.99,239.97,completed
104731,1402,2026-06-04,web,northeast,basic,1,29.99,29.99,completed
104732,1595,2026-05-01,web,midwest,basic,3,49.99,149.97,completed
104733,1482,2026-05-08,phone,northeast,enterprise,4,19.99,79.96,completed
104734,1366,2026-03-19,web,midwest,basic,1,49.99,49.99,completed
104735,1413,2026-06-01,store,south,premium,1,49.99,49.99,completed
104736,1308,2026-03-08,web,south,premium,2,49.99,99.98,completed
104737,1133,2026-04-25,web,west,basic,1,19.99,19.99,completed
104738,1718,2026-03-04,web,midwest,enterprise,2,19.99,39.98,completed
104739,1282,2026-04-23,web,midwest,basic,1,19.99,19.99,cancelled
104740,1777,2026-04-04,store,northeast,premium,3,29.99,89.97,completed
104741,1072,2026-02-17,phone,midwest,basic,2,49.99,99.98,completed
104742,1480,2026-01-12,store,south,basic,4,79.99,319.96,completed
104743,1351,2026-06-05,web,west,basic,1,29.99,29.99,completed
104744,1559,2026-06-21,phone,northeast,premium,3,29.99,89.97,completed
104745,1325,2026-06-20,web,west,enterprise,3,79.99,239.97,completed
104746,1744,2026-05-25,store,midwest,basic,2,49.99,99.98,refunded
104747,1442,2026-02-09,phone,midwest,basic,2,79.99,159.98,completed
104748,1099,2026-06-26,web,northeast,enterprise,2,19.99,39.98,completed
104749,1058,2026-03-26,web,midwest,basic,4,49.99,199.96,completed
104750,1507,2026-02-26,web,west,premium,4,29.99,119.96,completed
104751,1257,2026-03-28,phone,south,premium,4,19.99,79.96,completed
104752,1412,2026-03-25,store,northeast,basic,1,19.99,19.99,completed
104753,1451,2026-05-01,web,midwest,premium,4,29.99,119.96,completed
104754,1064,2026-03-15,web,west,enterprise,2,79.99,159.98,cancelled
104755,1594,2026-04-17,web,south,basic,3,19.99,59.97,completed
104756,1153,2026-05-04,phone,midwest,premium,3,19.99,59.97,completed
104757,1265,2026-04-10,web,northeast,premium,2,49.99,99.98,completed
104758,1078,2026-02-12,web,midwest,basic,4,49.99,199.96,completed
104759,1314,2026-04-29,web,midwest,basic,4,29.99,119.96,completed
104760,1661,2026-01-23,phone,midwest,premium,2,29.99,59.98,completed
104761,1559,2026-06-04,web,south,basic,3,29.99,89.97,completed
104762,1247,2026-02-06,phone,south,basic,1,79.99,79.99,completed
104763,1789,2026-05-14,web,midwest,enterprise,3,19.99,59.97,completed
104764,1609,2026-03-06,web,midwest,premium,4,29.99,119.96,refunded
104765,1413,2026-05-14,web,northeast,enterprise,3,49.99,149.97,completed
104766,1024,2026-06-27,web,midwest,basic,4,19.99,79.96,completed
104767,1283,2026-01-22,web,west,premium,3,29.99,89.97,completed
104768,1448,2026-04-15,web,west,premium,2,19.99,39.98,completed
104769,1300,2026-03-29,phone,northeast,enterprise,4,19.99,79.96,completed
104770,1067,2026-06-02,web,south,enterprise,1,19.99,19.99,completed
104771,1006,2026-05-05,web,midwest,enterprise,1,29.99,29.99,completed
104772,1136,2026-03-20,store,northeast,enterprise,2,19.99,39.98,completed
104773,1163,2026-03-31,phone,south,basic,3,19.99,59.97,completed
104774,1082,2026-02-20,phone,northeast,premium,2,19.99,39.98,completed
104775,1649,2026-06-25,store,south,basic,2,49.99,99.98,completed
104776,1419,2026-04-12,web,midwest,premium,1,29.99,29.99,completed
104777,1072,2026-04-16,phone,northeast,enterprise,1,79.99,79.99,completed
104778,1236,2026-03-01,web,midwest,basic,4,49.99,199.96,completed
104779,1045,2026-02-15,web,northeast,premium,4,19.99,79.96,completed
104780,1617,2026-02-05,web,south,premium,4,19.99,79.96,completed
104781,1799,2026-06-15,web,northeast,basic,2,79.99,159.98,completed
104782,1261,2026-01-11,web,west,basic,2,79.99,159.98,completed
104783,1175,2026-01-12,web,west,basic,4,49.99,199.96,completed
104784,1165,2026-06-19,web,northeast,basic,1,19.99,19.99,completed
104785,1656,2026-02-08,web,west,premium,1,79.99,79.99,completed
104786,1369,2026-05-19,web,midwest,premium,3,49.99,149.97,completed
104787,1794,2026-02-05,web,west,basic,4,79.99,319.96,completed
104788,1053,2026-02-21,web,west,enterprise,2,19.99,39.98,completed
104789,1689,2026-01-31,web,midwest,premium,3,19.99,59.97,completed
104790,1418,2026-02-02,phone,midwest,premium,3,19.99,59.97,completed
104791,1755,2026-05-21,web,south,basic,3,19.99,59.97,completed
104792,1506,2026-05-26,store,midwest,premium,4,29.99,119.96,completed
104793,1340,2026-06-18,store,northeast,basic,4,29.99,119.96,completed
104794,1126,2026-02-27,web,west,premium,4,29.99,119.96,completed
104795,1408,2026-06-01,phone,south,premium,1,49.99,49.99,completed
104796,1366,2026-05-08,web,midwest,basic,3,49.99,149.97,completed
104797,1270,2026-01-31,web,west,enterprise,1,79.99,79.99,completed
104798,1643,2026-02-24,store,northeast,basic,4,79.99,319.96,completed
104799,1604,2026-01-10,web,northeast,basic,1,49.99,49.99,completed
104800,1378,2026-05-10,store,south,enterprise,1,79.99,79.99,completed
104801,1072,2026-01-15,phone,northeast,basic,2,49.99,99.98,cancelled
104802,1247,2026-01-03,web,west,premium,4,29.99,119.96,completed
104803,1784,2026-02-12,web,midwest,premium,3,49.99,149.97,completed
104804,1042,2026-06-08,web,northeast,basic,4,49.99,199.96,completed
104805,1376,2026-03-08,web,midwest,enterprise,1,79.99,79.99,completed
104806,1040,2026-02-25,web,west,basic,4,79.99,319.96,completed
104807,1169,2026-03-04,phone,west,basic,4,49.99,199.96,completed
104808,1211,2026-01-15,web,midwest,enterprise,2,19.99,39.98,completed
104809,1492,2026-04-19,web,west,premium,2,79.99,159.98,cancelled
104810,1679,2026-04-26,web,south,premium,4,49.99,199.96,completed
104811,1038,2026-04-02,store,northeast,premium,2,79.99,159.98,completed
104812,1368,2026-05-18,web,south,basic,1,19.99,19.99,completed
104813,1756,2026-06-15,web,south,basic,1,79.99,79.99,completed
104814,1150,2026-02-16,store,south,basic,1,49.99,49.99,completed
104815,1110,2026-02-26,web,midwest,enterprise,2,49.99,99.98,completed
104816,1479,2026-02-19,web,midwest,basic,4,19.99,79.96,completed
104817,1435,2026-03-12,store,west,basic,1,49.99,49.99,refunded
104818,1046,2026-05-23,phone,midwest,basic,3,19.99,59.97,completed
104819,1574,2026-05-26,web,west,basic,1,49.99,49.99,completed
104820,1736,2026-03-23,web,midwest,premium,4,49.99,199.96,completed
104821,1365,2026-04-26,phone,west,enterprise,1,79.99,79.99,completed
104822,1068,2026-04-15,web,northeast,basic,3,79.99,239.97,completed
104823,1298,2026-03-29,store,west,basic,1,19.99,19.99,completed
104824,1295,2026-01-02,web,northeast,premium,1,79.99,79.99,completed
104825,1202,2026-04-14,web,west,basic,4,29.99,119.96,completed
104826,1060,2026-03-25,web,midwest,enterprise,1,19.99,19.99,completed
104827,1313,2026-02-12,phone,midwest,premium,1,29.99,29.99,completed
104828,1160,2026-06-03,store,northeast,basic,2,19.99,39.98,completed
104829,1330,2026-03-12,phone,south,enterprise,4,29.99,119.96,completed
104830,1527,2026-06-15,store,south,basic,4,79.99,319.96,completed
104831,1337,2026-04-04,web,west,basic,4,79.99,319.96,completed
104832,1605,2026-02-11,web,midwest,basic,4,49.99,199.96,completed
104833,1303,2026-05-13,store,south,enterprise,1,29.99,29.99,completed
104834,1502,2026-05-19,store,midwest,premium,3,49.99,149.97,completed
104835,1649,2026-03-06,store,midwest,basic,3,19.99,59.97,completed
104836,1337,2026-02-03,phone,midwest,premium,2,29.99,59.98,completed
104837,1549,2026-04-30,web,west,premium,1,49.99,49.99,completed
104838,1638,2026-01-01,web,northeast,basic,4,19.99,79.96,completed
104839,1274,2026-05-10,store,west,premium,4,29.99,119.96,completed
104840,1163,2026-05-28,web,south,premium,3,49.99,149.97,completed
104841,1442,2026-03-02,web,northeast,premium,2,29.99,59.98,completed
104842,1318,2026-05-29,phone,south,basic,1,29.99,29.99,completed
104843,1588,2026-03-29,web,northeast,basic,2,49.99,99.98,completed
104844,1503,2026-03-09,store,northeast,premium,1,79.99,79.99,completed
104845,1685,2026-05-07,web,west,premium,2,79.99,159.98,completed
104846,1386,2026-05-20,phone,midwest,premium,2,49.99,99.98,completed
104847,1602,2026-01-22,phone,midwest,premium,4,19.99,79.96,completed
104848,1749,2026-05-28,phone,northeast,premium,3,49.99,149.97,completed
104849,1775,2026-03-23,web,west,enterprise,4,49.99,199.96,completed
104850,1690,2026-05-09,web,south,basic,3,29.99,89.97,completed
104851,1493,2026-01-30,web,south,basic,2,79.99,159.98,completed
104852,1489,2026-05-06,web,midwest,basic,1,79.99,79.99,completed
104853,1720,2026-04-07,phone,midwest,basic,4,79.99,319.96,completed
104854,1072,2026-01-24,web,south,premium,1,79.99,79.99,completed
104855,1508,2026-01-14,web,south,enterprise,4,49.99,199.96,completed
104856,1389,2026-02-05,web,west,basic,4,29.99,119.96,completed
104857,1618,2026-01-24,phone,south,enterprise,4,79.99,319.96,completed
104858,1294,2026-04-05,web,west,premium,1,79.99,79.99,completed
104859,1368,2026-02-24,store,midwest,premium,4,29.99,119.96,completed
104860,1795,2026-01-24,phone,south,premium,4,49.99,199.96,completed
104861,1693,2026-06-01,phone,midwest,basic,4,49.99,199.96,completed
104862,1548,2026-01-26,store,northeast,basic,1,49.99,49.99,cancelled
104863,1648,2026-03-21,web,northeast,premium,4,79.99,319.96,completed
104864,1567,2026-06-15,store,northeast,enterprise,1,79.99,79.99,completed
104865,1186,2026-03-06,web,south,premium,3,79.99,239.97,completed
104866,1769,2026-03-16,store,midwest,basic,4,49.99,199.96,refunded
104867,1444,2026-06-28,store,south,basic,2,79.99,159.98,completed
104868,1569,2026-06-12,web,midwest,enterprise,3,19.99,59.97,cancelled
104869,1362,2026-02-12,web,west,basic,1,29.99,29.99,completed
104870,1122,2026-01-29,web,south,enterprise,2,19.99,39.98,completed
104871,1187,2026-06-14,phone,northeast,premium,1,19.99,19.99,completed
104872,1741,2026-03-22,web,west,premium,1,79.99,79.99,completed
104873,1679,2026-02-23,web,midwest,premium,4,29.99,119.96,completed
104874,1419,2026-02-08,web,south,basic,2,19.99,39.98,completed
104875,1625,2026-02-11,web,midwest,premium,1,49.99,49.99,completed
104876,1251,2026-06-05,store,midwest,premium,3,49.99,149.97,completed
104877,1618,2026-01-29,phone,south,premium,4,49.99,199.96,completed
104878,1548,2026-06-20,web,south,premium,3,49.99,149.97,completed
104879,1334,2026-05-11,web,midwest,basic,3,29.99,89.97,completed
104880,1091,2026-05-18,web,midwest,premium,4,49.99,199.96,completed
104881,1529,2026-05-22,web,west,basic,1,29.99,29.99,completed
104882,1062,2026-06-24,store,northeast,basic,3,29.99,89.97,completed
104883,1661,2026-02-11,web,midwest,premium,1,29.99,29.99,completed
104884,1511,2026-04-04,web,northeast,basic,1,29.99,29.99,completed
104885,1138,2026-06-09,store,west,premium,4,79.99,319.96,completed
104886,1697,2026-02-01,store,northeast,basic,3,19.99,59.97,completed
104887,1184,2026-06-19,web,northeast,basic,3,79.99,239.97,completed
104888,1204,2026-06-09,web,west,basic,4,19.99,79.96,completed
104889,1771,2026-01-26,web,midwest,basic,1,79.99,79.99,cancelled
104890,1213,2026-04-25,phone,northeast,premium,1,49.99,49.99,completed
104891,1255,2026-05-09,store,midwest,premium,4,29.99,119.96,completed
104892,1134,2026-02-25,web,midwest,enterprise,1,49.99,49.99,completed
104893,1572,2026-05-02,web,south,basic,1,49.99,49.99,completed
104894,1087,2026-04-16,store,midwest,premium,3,49.99,149.97,completed
104895,1206,2026-05-10,phone,midwest,premium,1,79.99,79.99,completed
104896,1128,2026-03-22,store,northeast,basic,1,49.99,49.99,completed
104897,1002,2026-06-07,web,midwest,premium,1,29.99,29.99,completed
104898,1753,2026-04-30,web,midwest,premium,1,29.99,29.99,completed
104899,1120,2026-02-21,web,south,basic,4,19.99,79.96,completed
104900,1384,2026-04-01,web,south,premium,4,79.99,319.96,completed
104901,1613,2026-05-17,phone,northeast,basic,4,29.99,119.96,completed
104902,1037,2026-01-22,web,northeast,basic,1,29.99,29.99,completed
104903,1340,2026-02-03,web,south,basic,4,79.99,319.96,completed
104904,1644,2026-04-20,store,south,enterprise,2,49.99,99.98,completed
104905,1713,2026-02-18,web,west,basic,2,29.99,59.98,completed
104906,1020,2026-05-09,phone,midwest,basic,2,49.99,99.98,completed
104907,1241,2026-03-14,web,northeast,premium,3,29.99,89.97,completed
104908,1454,2026-03-25,store,northeast,premium,1,19.99,19.99,completed
104909,1620,2026-02-22,web,midwest,premium,3,49.99,149.97,completed
104910,1302,2026-04-10,phone,midwest,basic,4,29.99,119.96,completed
104911,1595,2026-05-04,web,northeast,premium,1,79.99,79.99,completed
104912,1594,2026-06-17,web,south,basic,2,79.99,159.98,completed
104913,1068,2026-02-14,phone,south,premium,1,79.99,79.99,completed
104914,1128,2026-05-17,web,midwest,premium,3,29.99,89.97,completed
104915,1195,2026-04-15,web,northeast,premium,4,49.99,199.96,completed
104916,1139,2026-05-30,store,midwest,premium,4,19.99,79.96,completed
104917,1443,2026-05-26,store,south,premium,3,19.99,59.97,completed
104918,1282,2026-04-16,web,west,premium,1,29.99,29.99,completed
104919,1311,2026-02-12,web,west,basic,3,29.99,89.97,completed
104920,1745,2026-06-16,web,south,basic,4,29.99,119.96,completed
104921,1534,2026-05-14,web,midwest,enterprise,2,49.99,99.98,cancelled
104922,1664,2026-02-17,store,west,basic,4,79.99,319.96,completed
104923,1276,2026-05-06,phone,south,premium,4,49.99,199.96,completed
104924,1060,2026-01-07,web,northeast,premium,1,49.99,49.99,completed
104925,1318,2026-01-16,store,midwest,basic,2,29.99,59.98,completed
104926,1051,2026-05-09,phone,midwest,enterprise,4,19.99,79.96,completed
104927,1152,2026-04-25,phone,west,premium,2,49.99,99.98,cancelled
104928,1748,2026-02-06,web,midwest,premium,3,19.99,59.97,completed
104929,1310,2026-06-14,web,west,basic,1,29.99,29.99,completed
104930,1543,2026-05-05,phone,west,premium,2,49.99,99.98,completed
104931,1566,2026-03-22,web,south,basic,2,79.99,159.98,completed
104932,1388,2026-03-03,web,west,premium,1,79.99,79.99,completed
104933,1547,2026-03-13,web,northeast,premium,3,49.99,149.97,completed
104934,1621,2026-05-05,web,midwest,basic,2,79.99,159.98,completed
104935,1176,2026-06-10,web,west,premium,1,49.99,49.99,completed
104936,1361,2026-03-07,phone,midwest,basic,4,79.99,319.96,completed
104937,1313,2026-01-30,web,west,premium,1,29.99,29.99,completed
104938,1096,2026-01-20,web,south,premium,4,79.99,319.96,completed
104939,1212,2026-03-23,phone,northeast,basic,2,79.99,159.98,completed
104940,1136,2026-04-17,web,midwest,basic,2,29.99,59.98,completed
104941,1005,2026-06-01,web,south,enterprise,2,29.99,59.98,completed
104942,1108,2026-05-12,phone,midwest,basic,3,79.99,239.97,completed
104943,1546,2026-02-06,web,south,basic,3,19.99,59.97,completed
104944,1038,2026-05-12,phone,northeast,basic,4,19.99,79.96,refunded
104945,1661,2026-03-18,phone,west,basic,1,49.99,49.99,completed
104946,1424,2026-03-30,web,south,premium,4,79.99,319.96,completed
104947,1629,2026-05-26,web,midwest,premium,1,49.99,49.99,completed
104948,1260,2026-03-29,store,midwest,basic,2,29.99,59.98,completed
104949,1425,2026-06-25,web,south,basic,1,79.99,79.99,completed
104950,1086,2026-02-02,store,northeast,basic,3,29.99,89.97,completed
104951,1464,2026-02-27,phone,northeast,enterprise,1,79.99,79.99,completed
104952,1075,2026-01-28,web,west,premium,1,79.99,79.99,completed
104953,1470,2026-02-04,web,west,premium,2,29.99,59.98,completed
104954,1413,2026-05-05,web,midwest,premium,2,79.99,159.98,completed
104955,1725,2026-05-18,web,midwest,enterprise,3,79.99,239.97,completed
104956,1456,2026-03-06,phone,west,enterprise,1,49.99,49.99,completed
104957,1284,2026-02-11,store,west,basic,1,29.99,29.99,completed
104958,1238,2026-03-26,store,west,enterprise,1,19.99,19.99,completed
104959,1676,2026-05-17,web,south,enterprise,2,19.99,39.98,completed
104960,1598,2026-04-21,store,west,basic,3,79.99,239.97,completed
104961,1652,2026-01-15,store,south,premium,1,49.99,49.99,completed
104962,1671,2026-03-10,store,south,premium,1,79.99,79.99,completed
104963,1557,2026-04-15,web,west,premium,1,49.99,49.99,completed
104964,1371,2026-05-30,phone,northeast,basic,1,79.99,79.99,completed
104965,1494,2026-03-05,phone,northeast,premium,3,19.99,59.97,completed
104966,1623,2026-02-10,web,midwest,basic,3,29.99,89.97,completed
104967,1044,2026-03-12,store,west,premium,3,49.99,149.97,completed
104968,1400,2026-02-25,web,midwest,enterprise,2,79.99,159.98,completed
104969,1246,2026-05-31,web,west,premium,1,79.99,79.99,completed
104970,1615,2026-01-25,store,midwest,premium,1,49.99,49.99,completed
104971,1596,2026-04-15,web,south,premium,1,49.99,49.99,completed
104972,1449,2026-05-14,store,west,basic,1,19.99,19.99,completed
104973,1484,2026-04-29,phone,northeast,premium,4,49.99,199.96,completed
104974,1645,2026-06-11,web,west,premium,3,79.99,239.97,completed
104975,1619,2026-01-09,web,midwest,basic,4,19.99,79.96,cancelled
104976,1017,2026-03-01,phone,midwest,basic,4,19.99,79.96,completed
104977,1605,2026-05-05,phone,midwest,premium,2,29.99,59.98,completed
104978,1661,2026-02-18,store,midwest,basic,2,29.99,59.98,completed
104979,1757,2026-02-20,store,midwest,enterprise,1,29.99,29.99,completed
104980,1288,2026-03-11,web,midwest,basic,4,49.99,199.96,completed
104981,1413,2026-02-06,web,northeast,basic,4,19.99,79.96,cancelled
104982,1720,2026-01-31,store,midwest,premium,3,49.99,149.97,completed
104983,1637,2026-06-18,web,northeast,premium,4,19.99,79.96,completed
104984,1234,2026-03-03,web,west,premium,2,79.99,159.98,completed
104985,1415,2026-04-03,store,south,premium,4,49.99,199.96,completed
104986,1498,2026-01-14,store,northeast,premium,2,19.99,39.98,refunded
104987,1633,2026-06-13,phone,west,premium,1,29.99,29.99,cancelled
104988,1649,2026-06-13,web,south,basic,2,29.99,59.98,completed
104989,1114,2026-03-20,phone,northeast,basic,1,79.99,79.99,completed
104990,1673,2026-01-08,phone,northeast,basic,3,49.99,149.97,completed
104991,1712,2026-06-03,store,west,basic,1,19.99,19.99,completed
104992,1233,2026-02-05,store,midwest,basic,4,29.99,119.96,completed
104993,1539,2026-02-17,web,northeast,basic,2,19.99,39.98,completed
104994,1010,2026-03-26,phone,northeast,enterprise,1,49.99,49.99,completed
104995,1205,2026-01-28,store,west,basic,1,29.99,29.99,completed
104996,1678,2026-02-20,web,midwest,basic,1,79.99,79.99,completed
104997,1246,2026-04-14,web,south,premium,1,79.99,79.99,completed
104998,1558,2026-06-19,store,midwest,basic,1,49.99,49.99,completed
104999,1757,2026-04-11,web,midwest,basic,1,49.99,49.99,completed
105000,1126,2026-01-29,web,west,basic,2,19.99,39.98,completed
